Threat ID,Threat Name,Domain Code,Domain Name,Init Actor Code,Init Actor Name,Mec 1 Code,Mec 1 Name,Mec 2 Code,Mec 2 Name,Mec 3 Code,Mec 3 Name,Intent Code,Intent Name,Vis Code,Vis Name,Sev Code,Sev Name,Original Description,Analyst Notes
TH-0001,Media Credibility Subversion,DOM-01,Information & Cognitive,ACT-03,دشمن,MEC-102,Disinformation,MEC-104,Narrative Manipulation,MEC-109,Influence Campaign,INT-02,Influence,VIS-02,Covert,SEV-1,Minimal,القای این موضوع که در رسانه‌های دولتی یک کشور اخبار جعلی و اطلاعات نادرست منتشر می‌شود و هدایت افراد به استفاده از یک رسانه دیگر,Inducing notion that state media publishes fake news.
TH-0002,Talent and Investor Poaching,DOM-01,Information & Cognitive,ACT-03,دشمن,MEC-109,Influence Campaign,MEC-305,Investment Influence,,,INT-10,Exploit,VIS-01,Overt,SEV-2,Low,جذب جوانان، استعدادها و سرمایه‌گذاران کشور هدف با ارائه امتیازات و مزایای مختلف برای کار در یک کشور,Attracting youth and investors via privileges.
TH-0003,Celebrity Co-optation,DOM-01,Information & Cognitive,ACT-03,دشمن,MEC-109,Influence Campaign,MEC-104,Narrative Manipulation,,,INT-02,Influence,VIS-01,Overt,SEV-3,Moderate,درخواست رسانه‌های دولتی یک کشور از مجریان و خوانندگان کشور هدف برای شرکت در برنامه‌های تلویزیونی با هدف ایجاد توهم در مردم,Foreign media inviting domestic anchors/singers.
TH-0004,Crisis Mismanagement Disinformation,DOM-01,Information & Cognitive,ACT-03,دشمن,MEC-102,Disinformation,MEC-104,Narrative Manipulation,MEC-405,Crisis Exploitation,INT-01,Destabilize,VIS-02,Covert,SEV-4,High,تضعیف اقدامات دولت و انتشار اخبار جعلی با هدف فریب مردم در مورد مدیریت بحران‌های مختلف مانند بحران کووید ۱۹,Undermining crisis management (e.g. COVID-19) via fake news.
TH-0005,Social Media Influencer Co-optation,DOM-01,Information & Cognitive,ACT-03,دشمن,MEC-109,Influence Campaign,MEC-102,Disinformation,,,INT-02,Influence,VIS-03,Mixed,SEV-5,Severe,استفاده از افراد تأثیرگذار در رسانه‌های اجتماعی برای ارسال اطلاعات,Using influencers to disseminate specific info.
TH-0006,Educational Influence Program,DOM-01,Information & Cognitive,ACT-03,دشمن,MEC-109,Influence Campaign,MEC-603,Cultural Influence,,,INT-02,Influence,VIS-01,Overt,SEV-6,Critical,ارائه بورسیه‌های تحصیلی برای دانشجویان با هدف ایجاد علاقه و تمایل برای پذیرش نفوذ یک کشور؛ تلاش دشمن برای ایجاد ارتباط با افراد جوان و جوامع مردمی,Offering scholarships to students to build enemy networks.
TH-0007,Cognitive Sanctions Targeting,DOM-01,Information & Cognitive,ACT-03,دشمن,MEC-301,Economic Sanctions,MEC-105,Psychological Operations,,,INT-07,Intimidate,VIS-01,Overt,SEV-1,Minimal,تحریم افراد و تجار در جنگ شناختی,Sanctioning businessmen in cognitive warfare context.
TH-0008,Trusted Website Exploitation,DOM-01,Information & Cognitive,ACT-03,دشمن,MEC-102,Disinformation,MEC-201,Cyber Intrusion,,,INT-05,Deceive,VIS-02,Covert,SEV-2,Low,استفاده از محتوا و اطلاعاتی خاص در وب‌سایت‌های محبوب و مورد اعتماد کاربران,Planting specific content on popular websites.
TH-0009,Minority Grievance Exploitation,DOM-01,Information & Cognitive,ACT-03,دشمن,MEC-602,Identity Manipulation,MEC-109,Influence Campaign,,,INT-04,Divide,VIS-03,Mixed,SEV-3,Moderate,حمایت از اقلیت‌های بومی به منظور جذب آن‌ها,Supporting indigenous minorities to attract them.
TH-0010,Mass Disinformation Amplification,DOM-01,Information & Cognitive,ACT-03,دشمن,MEC-102,Disinformation,MEC-101,Propaganda,,,INT-02,Influence,VIS-03,Mixed,SEV-4,High,تحریک و تبلیغ مکرر ارائه اطلاعات با بیشترین وسعت و عمق ممکن؛ ارائه اطلاعات نادرست در رسانه‌های جمعی و انتشار دوباره آن‌ها در رسانه‌های آنلاین,Cross-platform info amplification and reposting.
TH-0011,Emotional Incitement (Fear/Stress),DOM-01,Information & Cognitive,ACT-03,دشمن,MEC-105,Psychological Operations,MEC-104,Narrative Manipulation,,,INT-01,Destabilize,VIS-03,Mixed,SEV-5,Severe,تحریک احساسات منفی مردم یک کشور علیه دولتشان با توجه به اینکه درک و تصمیم‌گیری انسان می‌تواند متأثر از احساسات منفی مانند استرس و ترس باشد.,Inciting negative emotions against the government.
TH-0012,Cognitive Vulnerability Exploitation,DOM-01,Information & Cognitive,ACT-03,دشمن,MEC-105,Psychological Operations,MEC-109,Influence Campaign,MEC-112,Demoralization,INT-05,Deceive,VIS-02,Covert,SEV-6,Critical,توجه به سازوکارهای پردازشی در مغز مخاطبان؛ به طور مثال مغز مخاطب هر اطلاعاتی را نمی‌پذیرد.,Targeting specific brain processing mechanisms.
TH-0013,Confirmation Bias Reinforcement,DOM-01,Information & Cognitive,ACT-03,دشمن,MEC-101,Propaganda,MEC-109,Influence Campaign,MEC-105,Psychological Operations,INT-02,Influence,VIS-01,Overt,SEV-1,Minimal,تأثیرگذاری پروپاگانداها و تبلیغات مثبت از اقدامات یک کشور بیگانه بر افرادی که از قبل طرفدار آن کشور هستند.,Positive propaganda targeting existing supporters.
TH-0014,Youth Generation Targeting,DOM-01,Information & Cognitive,ACT-03,دشمن,MEC-109,Influence Campaign,MEC-603,Cultural Influence,,,INT-02,Influence,VIS-03,Mixed,SEV-2,Low,تأثیرگذاری بر افراد با سن کم و نسل جوان,Impacting young age groups.
TH-0015,Information Vacuum Exploitation,DOM-01,Information & Cognitive,ACT-03,دشمن,MEC-104,Narrative Manipulation,MEC-102,Disinformation,MEC-108,Information Suppression,INT-05,Deceive,VIS-03,Mixed,SEV-3,Moderate,عدم روشنگری صحیح و تبیین محتوای مطالب و مفاهم و سؤالات ذهنی جوانان,Exploiting lack of proper clarification for youth.
TH-0016,Blame Shifting / Scapegoating,DOM-01,Information & Cognitive,ACT-03,دشمن,MEC-104,Narrative Manipulation,MEC-401,Diplomatic Pressure,,,INT-05,Deceive,VIS-01,Overt,SEV-4,High,مقصر جلوه دادن یک کشور در رویدادهایی که اتفاق می‌افتد.,Blaming a country for regional/global events.
TH-0017,Misleading Reporting,DOM-01,Information & Cognitive,ACT-03,دشمن,MEC-103,Misinformation,MEC-104,Narrative Manipulation,,,INT-05,Deceive,VIS-03,Mixed,SEV-5,Severe,گزارش‌های گمراه کننده,Publishing misleading reports.
TH-0018,Institutional Influence (Think Tanks),DOM-01,Information & Cognitive,ACT-03,دشمن,MEC-109,Influence Campaign,MEC-403,Institutional Capture,MEC-113,Educational Co-optation,INT-02,Influence,VIS-02,Covert,SEV-6,Critical,تأثیرگذاری بر دانشگاه‌ها، اتاق‌های فکر و رسانه‌ها به دلیل تأثیرگذار بودن آن‌ها در شکل‌دهی افکار عمومی,Influencing universities and think tanks.
TH-0019,Organizational Credibility Subversion,DOM-01,Information & Cognitive,ACT-03,دشمن,MEC-102,Disinformation,MEC-104,Narrative Manipulation,,,INT-01,Destabilize,VIS-02,Covert,SEV-1,Minimal,تضعیف اعتبار سازمان‌ها با دروغ‌پراکنی و انتشار اطلاعات نادرست و گمراه کننده,Undermining org credibility via lies/disinformation.
TH-0020,Rebellion Preparation PsyOps,DOM-01,Information & Cognitive,ACT-03,دشمن,MEC-105,Psychological Operations,MEC-604,Protest Mobilization,,,INT-01,Destabilize,VIS-03,Mixed,SEV-2,Low,تشدید تبلیغات و پروپاگاندا و آماده‌سازی روانی مردم برای شورش,Intensifying propaganda to prep populace for rebellion.
TH-0021,Intelligence PsyOps,DOM-01,Information & Cognitive,ACT-03,دشمن,MEC-105,Psychological Operations,MEC-109,Influence Campaign,MEC-503,Espionage,INT-02,Influence,VIS-02,Covert,SEV-3,Moderate,عملیات روانی توسط سرویس‌های ویژه,Psychological operations by special services.
TH-0022,Political Opinion Manipulation,DOM-01,Information & Cognitive,ACT-03,دشمن,MEC-109,Influence Campaign,MEC-104,Narrative Manipulation,,,INT-02,Influence,VIS-03,Mixed,SEV-4,High,تحت تأثیر قرار دادن افکار عمومی در مورد مسائل کلیدی سیاسی,Influencing public opinion on key political issues.
TH-0023,Cognitive Military Research Investment,DOM-01,Information & Cognitive,ACT-03,دشمن,MEC-113,Educational Co-optation,MEC-105,Psychological Operations,,,INT-10,Exploit,VIS-02,Covert,SEV-5,Severe,سرمایه‌گذاری سازمان‌های تحقیقاتی نظامی کشورهای متخاصم در حوزه علوم و فناوری‌های شناختی,Hostile military research orgs investing in cognitive tech.
TH-0024,Big Data Cognitive Profiling,DOM-01,Information & Cognitive,ACT-03,دشمن,MEC-207,Data Harvesting & Microtargeting,MEC-105,Psychological Operations,,,INT-08,Steal,VIS-02,Covert,SEV-6,Critical,شناسایی روندهای شناختی جامعه هدف با استفاده از کلان‌داده‌ها,Identifying cognitive trends of target society using big data.
TH-0025,Narrative Warfare,DOM-01,Information & Cognitive,ACT-03,دشمن,MEC-104,Narrative Manipulation,MEC-109,Influence Campaign,,,INT-02,Influence,VIS-03,Mixed,SEV-1,Minimal,جنگ روایت‌ها و تأثیرگذاری بر ادراک افراد,War of narratives and influencing people's perception.
TH-0026,Historical / Linguistic Demoralization,DOM-01,Information & Cognitive,ACT-03,دشمن,MEC-112,Demoralization,MEC-603,Cultural Influence,,,INT-01,Destabilize,VIS-03,Mixed,SEV-2,Low,کم‌اهمیت جلوه دادن زبان و فرهنگ یک کشور و تحریف تاریخ آن,Downplaying a country's language/culture and distorting its history.
TH-0027,Cultural Security Policy Sabotage,DOM-01,Information & Cognitive,ACT-01,خودی,MEC-309,Policy Sabotage,MEC-603,Cultural Influence,,,INT-11,Exhaust,VIS-01,Overt,SEV-3,Moderate,بی‌توجهی به امنیت فرهنگی و فقدان سیاست فرهنگی مناسب و به تبع آن افزایش توزیع محصولات فرهنگی یک کشور متخاصم در بازار کشور هدف,Neglecting cultural security leading to hostile cultural product influx.
TH-0028,Foreign Cultural Product Preference,DOM-01,Information & Cognitive,ACT-03,دشمن,MEC-603,Cultural Influence,MEC-109,Influence Campaign,,,INT-02,Influence,VIS-01,Overt,SEV-4,High,ترجیح محصولات فرهنگی سایر کشورها بر کالاهای فرهنگی داخلی یک کشور,Promotion/preference of other countries' cultural products.
TH-0029,Cultural Industry Neglect,DOM-01,Information & Cognitive,ACT-01,خودی,MEC-309,Policy Sabotage,MEC-108,Information Suppression,MEC-603,Cultural Influence,INT-11,Exhaust,VIS-01,Overt,SEV-5,Severe,عدم توسعه صنایع فرهنگی محلی و توانمندسازی هنرمندان به دلایل مختلف از جمله فقدان مشارکت دولتی و خصوصی و قوانین دست و پاگیر,Lack of local cultural industry development due to bad laws/neglect.
TH-0030,National Hero Suppression,DOM-01,Information & Cognitive,ACT-01,خودی,MEC-108,Information Suppression,MEC-112,Demoralization,,,INT-04,Divide,VIS-01,Overt,SEV-6,Critical,عدم معرفی و شناساندن قهرمانان ملی به شکلی مناسب و درخور,Failure to properly introduce national heroes.
TH-0031,Hostile Media Saturation,DOM-01,Information & Cognitive,ACT-03,دشمن,MEC-101,Propaganda,MEC-603,Cultural Influence,MEC-108,Information Suppression,INT-02,Influence,VIS-01,Overt,SEV-1,Minimal,افزایش محتوای مورد نظر دشمن در رسانه‌ها و فضای فرهنگی کشور هدف به عنوان مصداقی از تهاجم فرهنگی,Increase in enemy-desired content in media/culture.
TH-0032,Cultural Financial Starvation,DOM-01,Information & Cognitive,ACT-01,خودی,MEC-309,Policy Sabotage,MEC-404,Legal Manipulation,,,INT-11,Exhaust,VIS-01,Overt,SEV-2,Low,عدم حمایت مالی مناسب در حوزه فرهنگ,Lack of appropriate financial support in the cultural sector.
TH-0033,Cultural Diplomacy Vacuum,DOM-01,Information & Cognitive,ACT-01,خودی,MEC-401,Diplomatic Pressure,MEC-309,Policy Sabotage,,,INT-12,Isolate,VIS-01,Overt,SEV-3,Moderate,عدم وجود دیپلماسی فرهنگی,Lack of cultural diplomacy.
TH-0034,Hostile Print & AV Propaganda,DOM-01,Information & Cognitive,ACT-03,دشمن,MEC-101,Propaganda,MEC-603,Cultural Influence,MEC-110,Rumor Propagation,INT-02,Influence,VIS-01,Overt,SEV-4,High,محصولات تبلیغاتی، سمعی بصری و چاپی دشمن,"Enemy's advertising, audio-visual, and printed products."
TH-0035,Hostile Leadership Glorification (Media),DOM-01,Information & Cognitive,ACT-03,دشمن,MEC-101,Propaganda,MEC-104,Narrative Manipulation,MEC-602,Identity Manipulation,INT-02,Influence,VIS-01,Overt,SEV-5,Severe,فیلم‌ها و سریال‌هایی که مقامات فعلی و قبلی یک دولت متخاصم را با شخصیت و کاراکتری مثبت معرفی کنند.,Movies/series portraying hostile state officials positively.
TH-0036,Hostile Agency Glorification (Media),DOM-01,Information & Cognitive,ACT-03,دشمن,MEC-101,Propaganda,MEC-104,Narrative Manipulation,MEC-403,Institutional Capture,INT-02,Influence,VIS-01,Overt,SEV-6,Critical,مثبت جلوه دادن فعالیت ارگان‌های دولت‌های متخاصم در داستان فیلم‌ها و سریال‌ها,Portraying hostile state organs positively in movies/series.
TH-0037,Historical/Religious Distortion in Local Language,DOM-01,Information & Cognitive,ACT-03,دشمن,MEC-104,Narrative Manipulation,MEC-112,Demoralization,MEC-602,Identity Manipulation,INT-05,Deceive,VIS-01,Overt,SEV-1,Minimal,ساختن فیلم و سریال‌هایی با زبان کشور هدف به طوری که وقایع مذهبی و تاریخی آن توسط سایر کشورها تحریف شده است,Making movies in target language distorting religious/historical events.
TH-0038,Sectarian/Racial Supremacy Promotion,DOM-01,Information & Cognitive,ACT-03,دشمن,MEC-601,Social Polarization,MEC-602,Identity Manipulation,,,INT-04,Divide,VIS-03,Mixed,SEV-2,Low,ترویج انحصار، برتری، حقارت افراد به دلیل اعتقادات مذهبی، ملیتی یا نژادی یا جایگاه اجتماعی,Promoting exclusivity based on religion/nationality/race.
TH-0039,Cultural Regulatory Failure,DOM-01,Information & Cognitive,ACT-01,خودی,MEC-404,Legal Manipulation,MEC-309,Policy Sabotage,,,INT-11,Exhaust,VIS-01,Overt,SEV-3,Moderate,عدم وجود مقررات و مجازات مالی و اداری برای رعایت نکردن قوانین مصوب در محصولات فرهنگی,Lack of penalties for violating cultural product laws.
TH-0040,Linguistic Policy Neglect,DOM-01,Information & Cognitive,ACT-01,خودی,MEC-309,Policy Sabotage,MEC-108,Information Suppression,MEC-602,Identity Manipulation,INT-11,Exhaust,VIS-01,Overt,SEV-4,High,عدم وجود قوانین برای احیای زبان یک کشور در فضای عمومی,Lack of laws for reviving a country's language in public space.
TH-0041,Cultural Product Deficit,DOM-01,Information & Cognitive,ACT-01,خودی,MEC-309,Policy Sabotage,,,,,INT-11,Exhaust,VIS-01,Overt,SEV-5,Severe,کاهش محصولات و تولیدات فرهنگی مناسب,Decrease in appropriate cultural products/productions.
TH-0042,Cultural Good Inaccessibility (Rural),DOM-01,Information & Cognitive,ACT-01,خودی,MEC-309,Policy Sabotage,MEC-304,Resource Denial,,,INT-11,Exhaust,VIS-01,Overt,SEV-6,Critical,غیرقابل دسترس بودن کالاها و محصولات فرهنگی به ویژه در شهرهای کوچک و روستاها,"Inaccessibility of cultural goods, especially in rural areas."
TH-0043,Cultural Program Boycott/Apathy,DOM-01,Information & Cognitive,ACT-03,دشمن,MEC-109,Influence Campaign,MEC-112,Demoralization,,,INT-04,Divide,VIS-01,Overt,SEV-1,Minimal,عدم حمایت مناسب برنامه‌ها و محصولات فرهنگی توسط عموم مردم,Lack of public support for cultural programs/products.
TH-0044,Economic Sanctions & Blockade,DOM-02,Economic,ACT-03,دشمن,MEC-301,Economic Sanctions,MEC-306,Trade Restriction,MEC-304,Resource Denial,INT-11,Exhaust,VIS-01,Overt,SEV-2,Low,محاصره و تحریم‌های اقتصادی,Economic blockade and sanctions.
TH-0045,Trade Dependency Exploitation,DOM-02,Economic,ACT-03,دشمن,MEC-304,Resource Denial,MEC-306,Trade Restriction,,,INT-03,Control,VIS-03,Mixed,SEV-3,Moderate,استفاده از طیف وسیعی از ابزارهای اقتصادی برای بهره‌گیری از وابستگی‌های متقابل؛ به طور مثال بهره‌گیری از وابستگی به تجارت,"Using economic tools to exploit interdependencies (e.g., trade dependency)."
TH-0046,Executive Economic Policy Sabotage,DOM-02,Economic,ACT-01,خودی,MEC-309,Policy Sabotage,,,,,INT-11,Exhaust,VIS-01,Overt,SEV-4,High,عدم سیاست‌های اجرایی اقتصاد,Lack of executive economic policies.
TH-0047,Economic Inequality Exacerbation,DOM-02,Economic,ACT-03,دشمن,MEC-302,Market Manipulation,MEC-109,Influence Campaign,,,INT-04,Divide,VIS-03,Mixed,SEV-5,Severe,ایجاد و تشدید اختلافات اقتصادی,Creating and exacerbating economic disputes/inequality.
TH-0048,Financial Blacklisting (e.g. FATF),DOM-02,Economic,ACT-03,دشمن,MEC-406,International Forum Manipulation,MEC-301,Economic Sanctions,,,INT-12,Isolate,VIS-01,Overt,SEV-6,Critical,قرار دادن نام کشورها در لیست‌های سیاه مختلف مانند FATF,Blacklisting countries in FATF etc.
TH-0049,Coercive Economic Agreements,DOM-02,Economic,ACT-03,دشمن,MEC-305,Investment Influence,MEC-401,Diplomatic Pressure,MEC-305,Investment Influence,INT-03,Control,VIS-01,Overt,SEV-1,Minimal,توافق‌های اقتصادی ویژه,Special economic agreements (coercive/exploitative).
TH-0050,Political Debt Trapping,DOM-02,Economic,ACT-03,دشمن,MEC-305,Investment Influence,MEC-401,Diplomatic Pressure,MEC-309,Policy Sabotage,INT-03,Control,VIS-01,Overt,SEV-2,Low,افزایش بار بدهی‌های کشورهای هدف با اهداف سیاسی,Increasing debt burden of target countries for political goals.
TH-0051,Economic Corruption Facilitation,DOM-02,Economic,ACT-03,دشمن,MEC-308,Subversion Funding,MEC-403,Institutional Capture,,,INT-01,Destabilize,VIS-02,Covert,SEV-3,Moderate,تسهیل فساد اقتصادی,Facilitating economic corruption.
TH-0052,Energy Price Destabilization,DOM-02,Economic,ACT-03,دشمن,MEC-302,Market Manipulation,MEC-304,Resource Denial,,,INT-01,Destabilize,VIS-03,Mixed,SEV-4,High,بی‌ثبات کردن قیمت انرژی,Destabilizing energy prices.
TH-0053,Hostile Foreign Investment,DOM-02,Economic,ACT-03,دشمن,MEC-305,Investment Influence,MEC-307,Strategic Asset Acquisition,,,INT-03,Control,VIS-02,Covert,SEV-5,Severe,سرمایه‌گذاری خارجی خصمانه,Hostile foreign investment.
TH-0054,Critical Infrastructure Investment Capture,DOM-02,Economic,ACT-03,دشمن,MEC-307,Strategic Asset Acquisition,MEC-305,Investment Influence,,,INT-03,Control,VIS-02,Covert,SEV-6,Critical,سرمایه‌گذاری خارجی در زیرساخت‌های حیاتی,Foreign investment in critical infrastructure.
TH-0055,Foreign Investment Industrial Subversion,DOM-02,Economic,ACT-04,نامعلوم,MEC-305,Investment Influence,MEC-302,Market Manipulation,,,INT-11,Exhaust,VIS-03,Mixed,SEV-1,Minimal,تأثیرپذیری منفی صنایع از سرمایه‌گذاری‌های شرکت‌های خارجی,Negative impact on industries from foreign company investments.
TH-0056,Energy Security Sabotage,DOM-06,Infrastructure & Technology,ACT-03,دشمن,MEC-502,Sabotage,MEC-304,Resource Denial,MEC-304,Resource Denial,INT-09,Destroy,VIS-02,Covert,SEV-2,Low,اقدام علیه امنیت منابع انرژی,Action against energy resource security.
TH-0057,State-Sponsored Money Laundering,DOM-02,Economic,ACT-03,دشمن,MEC-308,Subversion Funding,MEC-404,Legal Manipulation,,,INT-10,Exploit,VIS-02,Covert,SEV-3,Moderate,پولشویی,Money laundering.
TH-0058,Targeted Subversion Financing,DOM-02,Economic,ACT-03,دشمن,MEC-308,Subversion Funding,MEC-109,Influence Campaign,,,INT-02,Influence,VIS-02,Covert,SEV-4,High,حمایت‌های مالی (در قالب وام و غیره) از اشخاص خاص,"Financial support (loans, etc.) to specific individuals."
TH-0059,Cultural/Sports Organization Financing,DOM-02,Economic,ACT-03,دشمن,MEC-308,Subversion Funding,MEC-603,Cultural Influence,,,INT-02,Influence,VIS-02,Covert,SEV-5,Severe,تأمین مالی سازمان‌های ورزشی و (ضد) فرهنگی,Financing sports and (anti)cultural organizations.
TH-0060,Corruption Discourse Amplification,DOM-01,Information & Cognitive,ACT-03,دشمن,MEC-104,Narrative Manipulation,MEC-102,Disinformation,,,INT-01,Destabilize,VIS-03,Mixed,SEV-6,Critical,برجسته‌سازی گفتمان فساد اقتصادی در ارکان حکومت,Highlighting the discourse of economic corruption in government pillars.
TH-0061,Strategic Asset Acquisition (Real Estate),DOM-02,Economic,ACT-03,دشمن,MEC-307,Strategic Asset Acquisition,MEC-502,Sabotage,,,INT-03,Control,VIS-02,Covert,SEV-1,Minimal,مالکیت خصوصی دارایی‌هایی با اهمیت استراتژیک بالقوه...,Private ownership of assets with potential strategic importance (e.g. buying islands for dual-use).
TH-0062,Debt Trap Diplomacy,DOM-02,Economic,ACT-03,دشمن,MEC-305,Investment Influence,MEC-401,Diplomatic Pressure,MEC-307,Strategic Asset Acquisition,INT-03,Control,VIS-01,Overt,SEV-2,Low,دیپلماسی تله بدهی...,Debt trap diplomacy via massive loans for mega-projects.
TH-0063,Economic Co-optation for Political Leverage,DOM-02,Economic,ACT-03,دشمن,MEC-305,Investment Influence,MEC-406,International Forum Manipulation,,,INT-03,Control,VIS-01,Overt,SEV-3,Moderate,ایجاد روابط به منظور توسعه اقتصادی و همکاری در مورد منافع مشترک...,Building economic relations to influence political decisions in international bodies.
TH-0064,Media Corporate Buyout,DOM-02,Economic,ACT-03,دشمن,MEC-307,Strategic Asset Acquisition,MEC-109,Influence Campaign,,,INT-03,Control,VIS-02,Covert,SEV-4,High,سرمایه‌گذاری در شرکت‌های رسانه‌ای به منظور ارائه محتوای مورد نظر یک کشور,Investing in media companies to control content narrative.
TH-0065,Foreign Direct Investment Withdrawal,DOM-02,Economic,ACT-03,دشمن,MEC-301,Economic Sanctions,MEC-304,Resource Denial,,,INT-11,Exhaust,VIS-01,Overt,SEV-5,Severe,کاهش سرمایه‌گذاری خارجی,Reduction/withdrawal of foreign investment.
TH-0066,Investment Risk Amplification,DOM-02,Economic,ACT-03,دشمن,MEC-302,Market Manipulation,MEC-105,Psychological Operations,,,INT-12,Isolate,VIS-03,Mixed,SEV-6,Critical,افزایش خطر سرمایه‌گذاری,Increasing perceived investment risk.
TH-0067,Economic Turmoil Exposure,DOM-02,Economic,ACT-03,دشمن,MEC-104,Narrative Manipulation,MEC-309,Policy Sabotage,,,INT-01,Destabilize,VIS-01,Overt,SEV-1,Minimal,آشکارسازی نابسامانی‌های اقتصادی,Exposing/amplifying economic disorganization.
TH-0068,Basic Goods Inflation Engineering,DOM-02,Economic,ACT-03,دشمن,MEC-302,Market Manipulation,MEC-304,Resource Denial,,,INT-11,Exhaust,VIS-02,Covert,SEV-2,Low,تورم در کالاهای اساسی و کاهش قدرت خرید مردم,Inflation in basic goods and reducing purchasing power.
TH-0069,Currency Devaluation Operations,DOM-02,Economic,ACT-03,دشمن,MEC-303,Currency Manipulation,MEC-302,Market Manipulation,,,INT-01,Destabilize,VIS-02,Covert,SEV-3,Moderate,تغییرات شدید ارزی و بی‌ارزش شدن پول ملی,Severe currency fluctuations and devaluation of national currency.
TH-0070,Media/Government Cyber Hack,DOM-01,Information & Cognitive,ACT-03,دشمن,MEC-201,Cyber Intrusion,MEC-204,Denial of Service,,,INT-05,Deceive,VIS-01,Overt,SEV-4,High,حملات سایبری مانند هک کردن رسانه‌های مهم...,Cyber attacks/hacks on media and government websites.
TH-0071,Social Media Fake News Dissemination,DOM-01,Information & Cognitive,ACT-03,دشمن,MEC-102,Disinformation,MEC-104,Narrative Manipulation,MEC-110,Rumor Propagation,INT-05,Deceive,VIS-02,Covert,SEV-5,Severe,انتشار اطلاعات نادرست، دروغ‌پراکنی...,"Spreading misinformation, lies, misleading messages on social media."
TH-0072,Propaganda Campaign,DOM-01,Information & Cognitive,ACT-03,دشمن,MEC-101,Propaganda,MEC-109,Influence Campaign,,,INT-02,Influence,VIS-01,Overt,SEV-6,Critical,پروپاگاندا و تبلیغات,Propaganda and advertising.
TH-0073,Bot-Driven Polarization,DOM-01,Information & Cognitive,ACT-04,نامعلوم,MEC-109,Influence Campaign,MEC-601,Social Polarization,MEC-102,Disinformation,INT-04,Divide,VIS-02,Covert,SEV-1,Minimal,دوقطبی کردن بحث‌ها از طریق اکانت‌های جعلی و بات‌ها,Polarizing discussions via fake accounts and bots.
TH-0074,International Media Distraction,DOM-01,Information & Cognitive,ACT-03,دشمن,MEC-104,Narrative Manipulation,MEC-108,Information Suppression,,,INT-05,Deceive,VIS-01,Overt,SEV-2,Low,پرت کردن حواس رسانه‌های بین‌المللی از اقدامات خرابکارانه,Distracting international media from sabotage actions.
TH-0075,Biased / Selective Reporting,DOM-01,Information & Cognitive,ACT-03,دشمن,MEC-104,Narrative Manipulation,MEC-103,Misinformation,,,INT-02,Influence,VIS-01,Overt,SEV-3,Moderate,اطلاع‌رسانی مغرضانه و ارائه گزینشی اطلاعات,Biased and selective information provision.
TH-0076,Prominent Figure Character Assassination,DOM-01,Information & Cognitive,ACT-03,دشمن,MEC-111,Character Assassination,MEC-102,Disinformation,,,INT-01,Destabilize,VIS-02,Covert,SEV-4,High,بی‌اعتبار کردن افراد برجسته با اعلام خبرهایی در رسانه‌ها,Discrediting prominent figures via media announcements.
TH-0077,Unverified Rumor Propagation,DOM-01,Information & Cognitive,ACT-03,دشمن,MEC-110,Rumor Propagation,MEC-103,Misinformation,,,INT-05,Deceive,VIS-01,Overt,SEV-5,Severe,انتشار مطالب در رسانه‌ها و روزنامه‌ها بدون توجه به منبع مطالب,Publishing unverified material in media without checking sources.
TH-0078,False Victimhood Narrative (Media),DOM-01,Information & Cognitive,ACT-03,دشمن,MEC-104,Narrative Manipulation,MEC-102,Disinformation,MEC-112,Demoralization,INT-05,Deceive,VIS-01,Overt,SEV-6,Critical,وانمود به قربانی شدن توسط یک رسانه (رسانه رقیب),Pretending to be a victim by a rival media outlet.
TH-0079,Destructive Online Social Campaigns,DOM-01,Information & Cognitive,ACT-03,دشمن,MEC-109,Influence Campaign,MEC-601,Social Polarization,,,INT-01,Destabilize,VIS-02,Covert,SEV-1,Minimal,پویش‌های اجتماعی مخرب شکل‌گرفته در فضای مجازی,Destructive social campaigns formed in cyberspace.
TH-0080,Nationalist Agitation,DOM-01,Information & Cognitive,ACT-03,دشمن,MEC-104,Narrative Manipulation,MEC-602,Identity Manipulation,,,INT-01,Destabilize,VIS-01,Overt,SEV-2,Low,ارائه روایات ناسیونالیستی برای تحریک مردم,Presenting nationalist narratives to incite people.
TH-0081,Cyber Espionage,DOM-01,Information & Cognitive,ACT-03,دشمن,MEC-203,Data Exfiltration,MEC-503,Espionage,,,INT-08,Steal,VIS-02,Covert,SEV-3,Moderate,جاسوسی سایبری,Cyber espionage.
TH-0082,Future Demoralization Propaganda,DOM-01,Information & Cognitive,ACT-03,دشمن,MEC-112,Demoralization,MEC-101,Propaganda,,,INT-11,Exhaust,VIS-01,Overt,SEV-4,High,سیاست تبلیغاتی و رسانه‌ای دشمن در مأیوس‌سازی مردم...,Enemy media policy to induce despair about the future.
TH-0083,International Cyber Regulation Vacuum,DOM-01,Information & Cognitive,ACT-03,دشمن,MEC-406,International Forum Manipulation,MEC-404,Legal Manipulation,,,INT-10,Exploit,VIS-01,Overt,SEV-5,Severe,فقدان گفتگوی بین‌المللی در مورد تخلفات سایبری...,Lack of international dialogue on cyber violations (exploiting the vacuum).
TH-0084,Expert Celebrity Grooming,DOM-01,Information & Cognitive,ACT-03,دشمن,MEC-109,Influence Campaign,MEC-113,Educational Co-optation,,,INT-02,Influence,VIS-02,Covert,SEV-6,Critical,تربیت سلبریتی‌های کارشناس,Training/grooming expert celebrities (for influence operations).
TH-0085,Political Event Cyber Attacks,DOM-01,Information & Cognitive,ACT-03,دشمن,MEC-201,Cyber Intrusion,MEC-204,Denial of Service,,,INT-01,Destabilize,VIS-02,Covert,SEV-1,Minimal,حملات سایبری در زمان رویدادهای سیاسی,Cyber attacks during political events.
TH-0086,IP Cyber Theft,DOM-01,Information & Cognitive,ACT-03,دشمن,MEC-203,Data Exfiltration,MEC-201,Cyber Intrusion,MEC-503,Espionage,INT-08,Steal,VIS-02,Covert,SEV-2,Low,دزدی مالکیت معنوی از طریق حملات سایبری...,Intellectual property theft via cyber attacks.
TH-0087,Accidental Misinformation,DOM-01,Information & Cognitive,ACT-04,نامعلوم,MEC-103,Misinformation,,,,,INT-05,Deceive,VIS-01,Overt,SEV-3,Moderate,غلط‌رسانی (misinformation) ناشی از سهو و اشتباه,Inadvertent misinformation due to errors.
TH-0088,Troll Campaigns,DOM-01,Information & Cognitive,ACT-02,دوست,MEC-109,Influence Campaign,MEC-102,Disinformation,,,INT-01,Destabilize,VIS-02,Covert,SEV-4,High,کمپین‌های ترول؛ به چالش کشیدن روایت‌های ملی...,Troll campaigns challenging national narratives.
TH-0089,Energy Cyber Attack (PsyOp),DOM-01,Information & Cognitive,ACT-03,دشمن,MEC-201,Cyber Intrusion,MEC-105,Psychological Operations,,,INT-01,Destabilize,VIS-02,Covert,SEV-5,Severe,حملات سایبری به زیرساخت‌های برق... به منظور فریب مردم,Cyber attacks on energy infra to psychologically demoralize the public.
TH-0090,State-Sponsored Cyber Hypocrisy,DOM-01,Information & Cognitive,ACT-03,دشمن,MEC-201,Cyber Intrusion,MEC-401,Diplomatic Pressure,,,INT-05,Deceive,VIS-02,Covert,SEV-6,Critical,کشورهایی که وظیفه و ادعای ایجاد امنیت سایبری دارند خودشان...,Cyber attacks by states claiming to be cyber defenders (e.g. UK on Belgacom).
TH-0091,Manufactured Social Media Conflict,DOM-01,Information & Cognitive,ACT-04,نامعلوم,MEC-109,Influence Campaign,MEC-601,Social Polarization,MEC-104,Narrative Manipulation,INT-04,Divide,VIS-02,Covert,SEV-1,Minimal,ایجاد درگیری در گفت‌وگوهای شبکه‌های اجتماعی...,Creating manufactured conflict in social media debates.
TH-0092,Superstition Propagation,DOM-01,Information & Cognitive,ACT-03,دشمن,MEC-102,Disinformation,MEC-112,Demoralization,,,INT-05,Deceive,VIS-01,Overt,SEV-2,Low,گسترش خرافات در رسانه‌های اجتماعی,Spreading superstitions on social media.
TH-0093,Sovereign Information Control Bypass,DOM-01,Information & Cognitive,ACT-03,دشمن,MEC-108,Information Suppression,MEC-204,Denial of Service,,,INT-03,Control,VIS-02,Covert,SEV-3,Moderate,مبارزه با کنترل خبری حاکمیت یک کشور از طریق فضای مجازی,Fighting sovereign news control via cyberspace.
TH-0094,Bandwagon Effect Manipulation,DOM-01,Information & Cognitive,ACT-04,نامعلوم,MEC-104,Narrative Manipulation,MEC-102,Disinformation,,,INT-05,Deceive,VIS-02,Covert,SEV-4,High,شکل دادن به این تفکر در رسانه‌های اجتماعی که کدام طرف حق دارد...,Creating a false consensus/bandwagon effect on social media regardless of truth.
TH-0095,Private Media Subversion,DOM-01,Information & Cognitive,ACT-04,نامعلوم,MEC-109,Influence Campaign,MEC-104,Narrative Manipulation,,,INT-02,Influence,VIS-01,Overt,SEV-5,Severe,رسانه‌های خصوصی (شخصی),Utilization of private/personal media for subversion.
TH-0096,Terrorist Online Recruitment,DOM-01,Information & Cognitive,ACT-03,دشمن,MEC-608,Extremist Radicalization,MEC-101,Propaganda,,,INT-10,Exploit,VIS-01,Overt,SEV-6,Critical,استفاده از رسانه‌های اجتماعی به منظور آموزش و استخدام تروریست‌ها...,Using social media to train and recruit terrorists.
TH-0097,Deepfake Weaponization,DOM-01,Information & Cognitive,ACT-04,نامعلوم,MEC-106,Deepfake Distribution,MEC-102,Disinformation,MEC-111,Character Assassination,INT-05,Deceive,VIS-02,Covert,SEV-1,Minimal,پدیده جعل عمیق یا deep fakes...,Weaponizing deepfakes (audio/video AI manipulation).
TH-0098,Internet Censorship / Blocking,DOM-01,Information & Cognitive,ACT-03,دشمن,MEC-107,Censorship,MEC-204,Denial of Service,,,INT-12,Isolate,VIS-01,Overt,SEV-2,Low,مسدود نمودن سایت‌های اینترنتی...,Blocking websites so target users cannot access them.
TH-0099,State-Sponsored Cyber Political Warfare,DOM-01,Information & Cognitive,ACT-03,دشمن,MEC-109,Influence Campaign,MEC-402,Election Interference,,,INT-01,Destabilize,VIS-02,Covert,SEV-3,Moderate,کمپین‌های جنگ سیاسی با بهره‌گیری از فضای مجازی...,State-sponsored cyber political warfare campaigns.
TH-0100,Political VIP Email Hack,DOM-01,Information & Cognitive,ACT-03,دشمن,MEC-205,Credential Theft,MEC-203,Data Exfiltration,,,INT-08,Steal,VIS-02,Covert,SEV-4,High,هک کردن ایمیل اعضای کلیدی یک حزب یا گروه,Hacking emails of key party/group members.
TH-0101,Foreign Policy Justification Propaganda,DOM-01,Information & Cognitive,ACT-03,دشمن,MEC-104,Narrative Manipulation,MEC-101,Propaganda,,,INT-02,Influence,VIS-03,Mixed,SEV-5,Severe,دستکاری‌های آشکار و پنهان رسانه‌ای...,Overt and covert media manipulation to justify foreign policy.
TH-0102,Data Harvesting for Polarization,DOM-01,Information & Cognitive,ACT-03,دشمن,MEC-207,Data Harvesting & Microtargeting,MEC-601,Social Polarization,,,INT-04,Divide,VIS-02,Covert,SEV-6,Critical,جمع‌آوری داده از رسانه‌های دیجیتال برای قطبی‌سازی سیاسی,Collecting data from digital media for political polarization.
TH-0103,Hate Speech & Racism Amplification,DOM-01,Information & Cognitive,ACT-03,دشمن,MEC-109,Influence Campaign,MEC-602,Identity Manipulation,,,INT-04,Divide,VIS-01,Overt,SEV-1,Minimal,گسترش سخنان نفرت‌انگیز و پرورش نژادپرستی در رسانه‌های اجتماعی,Spreading hate speech and racism on social media.
TH-0104,Phobia/Fear Propaganda,DOM-01,Information & Cognitive,ACT-03,دشمن,MEC-101,Propaganda,MEC-105,Psychological Operations,,,INT-12,Isolate,VIS-01,Overt,SEV-2,Low,فشارهای تبلیغاتی برای ایجاد هراس از یک کشور,Propaganda pressure to create fear of a country (e.g. Iranophobia).
TH-0105,International Forum Misrepresentation,DOM-01,Information & Cognitive,ACT-03,دشمن,MEC-406,International Forum Manipulation,MEC-102,Disinformation,,,INT-12,Isolate,VIS-01,Overt,SEV-3,Moderate,ارائه نادرست رویدادهای یک کشور در یک انجمن یا نشست بین‌المللی,Misrepresenting a country's events in international forums.
TH-0106,Hostile Global Conferences,DOM-01,Information & Cognitive,ACT-03,دشمن,MEC-406,International Forum Manipulation,MEC-109,Influence Campaign,,,INT-12,Isolate,VIS-01,Overt,SEV-4,High,تشکیل و ایجاد کنفرانس‌ها و نشست‌های جهانی با تمرکز بر یک کشور,Organizing global conferences focusing on a target country.
TH-0107,Separatist Media Amplification,DOM-01,Information & Cognitive,ACT-03,دشمن,MEC-109,Influence Campaign,MEC-602,Identity Manipulation,,,INT-04,Divide,VIS-03,Mixed,SEV-5,Severe,حمایت و بهره‌گیری از جدایی‌طلبان,Supporting and utilizing separatists (via information ops).
TH-0108,Political Provocation,DOM-03,Political & Diplomatic,ACT-03,دشمن,MEC-401,Diplomatic Pressure,MEC-104,Narrative Manipulation,,,INT-01,Destabilize,VIS-01,Overt,SEV-6,Critical,تحریک سیاسی,Political provocation.
TH-0109,Insurgency / Rebellion,DOM-03,Political & Diplomatic,ACT-02,دوست,MEC-507,Proxy Warfare Support,MEC-606,Violence & Riot Incitement,,,INT-09,Destroy,VIS-01,Overt,SEV-1,Minimal,شورش,Insurgency / rebellion.
TH-0110,Political Criminal Networks,DOM-03,Political & Diplomatic,ACT-03,دشمن,MEC-403,Institutional Capture,MEC-308,Subversion Funding,MEC-601,Social Polarization,INT-01,Destabilize,VIS-02,Covert,SEV-2,Low,شبکه‌های جنایتکار,Criminal networks used for political leverage.
TH-0111,Hostile Political Alliances,DOM-03,Political & Diplomatic,ACT-03,دشمن,MEC-401,Diplomatic Pressure,MEC-406,International Forum Manipulation,MEC-403,Institutional Capture,INT-12,Isolate,VIS-01,Overt,SEV-3,Moderate,متحدین سیاسی یک کشور,Political allies of a hostile country.
TH-0112,Political Opponent Discrediting,DOM-03,Political & Diplomatic,ACT-01,خودی,MEC-111,Character Assassination,MEC-401,Diplomatic Pressure,,,INT-01,Destabilize,VIS-01,Overt,SEV-4,High,بی‌اعتبار کردن مخالفان سیاسی,Discrediting political opponents.
TH-0113,Vital Resource Import Blockade,DOM-03,Political & Diplomatic,ACT-03,دشمن,MEC-304,Resource Denial,MEC-401,Diplomatic Pressure,,,INT-11,Exhaust,VIS-01,Overt,SEV-5,Severe,مسدود کردن واردات منابع حیاتی,Blocking imports of vital resources.
TH-0114,Subversive Sloganeering,DOM-03,Political & Diplomatic,ACT-02,دوست,MEC-604,Protest Mobilization,MEC-104,Narrative Manipulation,,,INT-01,Destabilize,VIS-01,Overt,SEV-6,Critical,شعارهای خاص,Specific subversive slogans.
TH-0115,Territorial Sovereignty Threat,DOM-03,Political & Diplomatic,ACT-03,دشمن,MEC-401,Diplomatic Pressure,MEC-504,Force Projection,MEC-407,Border Provocation,INT-07,Intimidate,VIS-01,Overt,SEV-1,Minimal,تهدید سرزمینی به حق حاکمیت,Territorial threat to sovereignty.
TH-0116,Foreign Election Interference,DOM-03,Political & Diplomatic,ACT-03,دشمن,MEC-402,Election Interference,MEC-102,Disinformation,,,INT-03,Control,VIS-02,Covert,SEV-2,Low,مداخله خارجی در انتخابات,Foreign interference in elections.
TH-0117,Polarizing Party Support,DOM-03,Political & Diplomatic,ACT-03,دشمن,MEC-308,Subversion Funding,MEC-402,Election Interference,,,INT-04,Divide,VIS-02,Covert,SEV-3,Moderate,حمایت از احزاب سیاسی برای قطبی شدن سیاسی,Supporting political parties for political polarization.
TH-0118,Local Insurrection Incitement,DOM-03,Political & Diplomatic,ACT-03,دشمن,MEC-604,Protest Mobilization,MEC-606,Violence & Riot Incitement,,,INT-01,Destabilize,VIS-02,Covert,SEV-4,High,تحریک افراد محلی بر علیه دولت‌ها,Inciting local people against governments.
TH-0119,Political Crisis Exploitation,DOM-03,Political & Diplomatic,ACT-03,دشمن,MEC-405,Crisis Exploitation,MEC-104,Narrative Manipulation,,,INT-01,Destabilize,VIS-03,Mixed,SEV-5,Severe,سوء استفاده از بحران‌های سیاسی,Abuse of political crises.
TH-0120,Weaponized Migration,DOM-03,Political & Diplomatic,ACT-03,دشمن,MEC-607,Weaponized Migration,MEC-605,Migration Pressure,,,INT-11,Exhaust,VIS-01,Overt,SEV-6,Critical,مهاجرت پناهندگان,Refugee migration (weaponized).
TH-0121,Societal Polarization,DOM-03,Political & Diplomatic,ACT-03,دشمن,MEC-601,Social Polarization,MEC-109,Influence Campaign,,,INT-04,Divide,VIS-03,Mixed,SEV-1,Minimal,قطبی سازی جامعه,Polarization of society.
TH-0122,Diplomatic Pressure Campaigns,DOM-03,Political & Diplomatic,ACT-03,دشمن,MEC-401,Diplomatic Pressure,MEC-406,International Forum Manipulation,MEC-405,Crisis Exploitation,INT-06,Delay,VIS-01,Overt,SEV-2,Low,اعمال فشارهای سیاسی,Applying political pressures.
TH-0123,State Defamation Campaigns,DOM-03,Political & Diplomatic,ACT-03,دشمن,MEC-111,Character Assassination,MEC-406,International Forum Manipulation,,,INT-12,Isolate,VIS-01,Overt,SEV-3,Moderate,بدنام جلوه دادن یک کشور,Defaming a country.
TH-0124,Decision-Making Manipulation,DOM-03,Political & Diplomatic,ACT-03,دشمن,MEC-105,Psychological Operations,MEC-102,Disinformation,,,INT-05,Deceive,VIS-02,Covert,SEV-4,High,ایجاد خطای محاسباتی در تصمیم‌گیری مسئولان توسط دشمن,Inducing calculation errors in officials' decision-making.
TH-0125,Strength Narrative Subversion,DOM-03,Political & Diplomatic,ACT-03,دشمن,MEC-104,Narrative Manipulation,MEC-112,Demoralization,,,INT-01,Destabilize,VIS-03,Mixed,SEV-5,Severe,تغییر روایت‌ها در مورد نقاط قوت یک کشور,Changing narratives about a country's strengths.
TH-0126,Hostile Ideology Infiltration,DOM-03,Political & Diplomatic,ACT-03,دشمن,MEC-603,Cultural Influence,MEC-109,Influence Campaign,,,INT-02,Influence,VIS-02,Covert,SEV-6,Critical,انتقال مستقیم اندیشه‌ها و دیدگاه‌های جریان معاند به داخل,Direct transfer of hostile thoughts/views inside.
TH-0127,Celebrity-Led Agitation,DOM-03,Political & Diplomatic,ACT-02,دوست,MEC-606,Violence & Riot Incitement,MEC-109,Influence Campaign,,,INT-01,Destabilize,VIS-01,Overt,SEV-1,Minimal,اقدام توام با خشونت، به میدان آمدن افراد مشهور...,Violent action led by celebrities or specific currents.
TH-0128,Foreign Subversion Centers,DOM-03,Political & Diplomatic,ACT-03,دشمن,MEC-503,Espionage,MEC-507,Proxy Warfare Support,,,INT-01,Destabilize,VIS-02,Covert,SEV-2,Low,تشکیل مراکز عملیات علیه یک کشور,Establishing operations centers against a country.
TH-0129,Domestic Blame Shifting,DOM-03,Political & Diplomatic,ACT-01,خودی,MEC-104,Narrative Manipulation,MEC-401,Diplomatic Pressure,,,INT-05,Deceive,VIS-01,Overt,SEV-3,Moderate,مقصر دانستن بازیگران خارجی توسط سیاستمداران به عنوان عامل ناکامی‌های داخلی,Politicians blaming foreign actors for domestic failures.
TH-0130,Institutional Corruption Facilitation,DOM-03,Political & Diplomatic,ACT-03,دشمن,MEC-403,Institutional Capture,MEC-308,Subversion Funding,MEC-404,Legal Manipulation,INT-01,Destabilize,VIS-02,Covert,SEV-4,High,بروز فساد در یک سازمان,Corruption occurrence in an organization.
TH-0131,Controlled Chaos Operations,DOM-03,Political & Diplomatic,ACT-03,دشمن,MEC-606,Violence & Riot Incitement,MEC-405,Crisis Exploitation,,,INT-01,Destabilize,VIS-02,Covert,SEV-5,Severe,ایجاد آشوب کنترل شده,Creating controlled chaos.
TH-0132,False Flag Operations,DOM-03,Political & Diplomatic,ACT-03,دشمن,MEC-502,Sabotage,MEC-102,Disinformation,,,INT-05,Deceive,VIS-02,Covert,SEV-6,Critical,پرچم دروغین (False flag)...,False flag operations.
TH-0133,Government Defamation PsyOps,DOM-03,Political & Diplomatic,ACT-03,دشمن,MEC-105,Psychological Operations,MEC-111,Character Assassination,,,INT-01,Destabilize,VIS-03,Mixed,SEV-1,Minimal,تشدید نارضایتی از طریق تبلیغات... برای بدنام کردن حکومت,Exacerbating dissatisfaction via psyops to defame government.
TH-0134,Ideological Neglect Subversion,DOM-03,Political & Diplomatic,ACT-01,خودی,MEC-309,Policy Sabotage,,,,,INT-11,Exhaust,VIS-01,Overt,SEV-2,Low,بی‌توجهی به شعارهای انقلابی و غفلت از جریان انقلابی در کشور,Neglecting revolutionary slogans/currents.
TH-0135,Structural Management Exploitation,DOM-03,Political & Diplomatic,ACT-03,دشمن,MEC-403,Institutional Capture,MEC-309,Policy Sabotage,,,INT-11,Exhaust,VIS-02,Covert,SEV-3,Moderate,عیوب ساختاری و ضعف‌های مدیریتی,Exploiting structural defects and managerial weaknesses.
TH-0136,Illicit Trade State Subversion,DOM-03,Political & Diplomatic,ACT-03,دشمن,MEC-403,Institutional Capture,MEC-308,Subversion Funding,MEC-310,Illicit Trade & Smuggling,INT-01,Destabilize,VIS-02,Covert,SEV-4,High,تضعیف مشروعیت دولت از طریق قاچاق مواد مخدر، قاچاق انسان و اخاذی,Undermining state legitimacy via drugs/human trafficking/extortion.
TH-0137,Energy Sector Political Leverage,DOM-03,Political & Diplomatic,ACT-03,دشمن,MEC-305,Investment Influence,MEC-401,Diplomatic Pressure,,,INT-03,Control,VIS-01,Overt,SEV-5,Severe,دستیابی به اهرم‌های سیاسی با سرمایه‌گذاری در حوزه انرژی...,Gaining political leverage via energy sector investments.
TH-0138,Covert NGO Funding,DOM-03,Political & Diplomatic,ACT-03,دشمن,MEC-308,Subversion Funding,MEC-403,Institutional Capture,,,INT-01,Destabilize,VIS-02,Covert,SEV-6,Critical,حمایت پنهان از نهادهای غیر دولتی,Covert support for NGOs.
TH-0139,Local Elite Co-optation,DOM-03,Political & Diplomatic,ACT-03,دشمن,MEC-403,Institutional Capture,MEC-109,Influence Campaign,MEC-305,Investment Influence,INT-03,Control,VIS-02,Covert,SEV-1,Minimal,حمایت از نخبگان محلی,Supporting local elites.
TH-0140,Controversial Minority Legislation,DOM-03,Political & Diplomatic,ACT-01,خودی,MEC-404,Legal Manipulation,MEC-602,Identity Manipulation,,,INT-04,Divide,VIS-01,Overt,SEV-2,Low,وضع قوانین بحث‌برانگیز در مورد اقلیت‌ها,Passing controversial laws regarding minorities.
TH-0141,Regional Political Tensions,DOM-03,Political & Diplomatic,ACT-03,دشمن,MEC-401,Diplomatic Pressure,MEC-405,Crisis Exploitation,,,INT-01,Destabilize,VIS-01,Overt,SEV-3,Moderate,تنش‌های سیاسی بین کشورهای مختلف,Political tensions between various countries.
TH-0142,Confidential Information Leak,DOM-03,Political & Diplomatic,ACT-03,دشمن,MEC-203,Data Exfiltration,MEC-503,Espionage,,,INT-08,Steal,VIS-02,Covert,SEV-4,High,افشای اطلاعات محرمانه,Exposure of confidential information.
TH-0143,Regulatory Obstruction Exploitation,DOM-03,Political & Diplomatic,ACT-03,دشمن,MEC-404,Legal Manipulation,MEC-309,Policy Sabotage,,,INT-11,Exhaust,VIS-01,Overt,SEV-5,Severe,وجود قوانین زیاد و دست‌وپاگیر و منفعت بردن مخالفان از این موضوع,Exploiting bureaucratic/excessive regulations for political gain.
TH-0144,Political Narrative Shifting,DOM-03,Political & Diplomatic,ACT-03,دشمن,MEC-104,Narrative Manipulation,MEC-102,Disinformation,,,INT-05,Deceive,VIS-03,Mixed,SEV-6,Critical,تغییر بحث‌های سیاسی با انتشار اطلاعات نادرست,Shifting political discourse via disinformation.
TH-0145,Critical Infrastructure Sabotage,DOM-06,Infrastructure & Technology,ACT-03,دشمن,MEC-502,Sabotage,MEC-201,Cyber Intrusion,,,INT-09,Destroy,VIS-02,Covert,SEV-1,Minimal,آسیب رساندن به زیر ساخت‌های حیاتی,Damaging critical infrastructure.
TH-0146,Key Official Corruption,DOM-03,Political & Diplomatic,ACT-03,دشمن,MEC-403,Institutional Capture,MEC-308,Subversion Funding,,,INT-10,Exploit,VIS-02,Covert,SEV-2,Low,فاسد کردن مقامات کلیدی,Corrupting key officials.
TH-0147,Energy Supply Interruption,DOM-06,Infrastructure & Technology,ACT-03,دشمن,MEC-304,Resource Denial,MEC-502,Sabotage,,,INT-09,Destroy,VIS-01,Overt,SEV-3,Moderate,قطع منابع انرژی,Cutting energy resources.
TH-0148,Targeted Organizational Communication,DOM-03,Political & Diplomatic,ACT-04,نامعلوم,MEC-109,Influence Campaign,,,,,INT-02,Influence,VIS-01,Overt,SEV-4,High,استفاده هدفمند از ارتباطات توسط یک سازمان برای انجام مأموریت خود,Targeted communication by organizations for specific mission objectives.
TH-0149,Rebellion Narrative Propagation,DOM-01,Information & Cognitive,ACT-03,دشمن,MEC-104,Narrative Manipulation,MEC-604,Protest Mobilization,,,INT-01,Destabilize,VIS-01,Overt,SEV-5,Severe,روایت‌های دشمن از ظهور شورش برای انجام اقدامات تبلیغاتی,Propagating insurgent narratives for propaganda.
TH-0150,Denial of Sabotage,DOM-01,Information & Cognitive,ACT-03,دشمن,MEC-102,Disinformation,MEC-104,Narrative Manipulation,MEC-502,Sabotage,INT-05,Deceive,VIS-02,Covert,SEV-6,Critical,انکار حوادث و اقدامات خرابکارانه,Denial of sabotage actions.
TH-0151,Transnational Terror Impact,DOM-04,Social,ACT-03,دشمن,MEC-608,Extremist Radicalization,,,,,INT-01,Destabilize,VIS-01,Overt,SEV-1,Minimal,تأثیرپذیری یک کشور از حوادث تروریستی که در یک کشور دیگر انجام می‌شود.,Secondary impact of transnational terrorism.
TH-0152,Geopolitical Interest Sabotage,DOM-03,Political & Diplomatic,ACT-03,دشمن,MEC-401,Diplomatic Pressure,MEC-309,Policy Sabotage,,,INT-12,Isolate,VIS-01,Overt,SEV-2,Low,رقابت‌های ژئوپولیتیکی و اقدام علیه منافع ژئوپلیتیک کشور,Geopolitical competition and acting against interests.
TH-0153,Civil Competition Interference,DOM-04,Social,ACT-03,دشمن,MEC-601,Social Polarization,MEC-109,Influence Campaign,,,INT-04,Divide,VIS-03,Mixed,SEV-3,Moderate,رقابت مدنی,Civil competition interference.
TH-0154,Political Destabilization,DOM-03,Political & Diplomatic,ACT-03,دشمن,MEC-109,Influence Campaign,MEC-402,Election Interference,,,INT-01,Destabilize,VIS-02,Covert,SEV-4,High,بی‌ثباتی سیاسی,Political instability.
TH-0155,Violent Protest Support,DOM-04,Social,ACT-02,دوست,MEC-606,Violence & Riot Incitement,MEC-308,Subversion Funding,,,INT-01,Destabilize,VIS-01,Overt,SEV-5,Severe,حمایت از اعتراضات خشونت‌آمیز,Supporting violent protests.
TH-0156,Power Structure Subversion,DOM-03,Political & Diplomatic,ACT-03,دشمن,MEC-403,Institutional Capture,MEC-109,Influence Campaign,,,INT-01,Destabilize,VIS-02,Covert,SEV-6,Critical,اقدام علیه ساختارهای قدرت,Action against power structures.
TH-0157,Elite Division Exploitation,DOM-03,Political & Diplomatic,ACT-03,دشمن,MEC-401,Diplomatic Pressure,MEC-602,Identity Manipulation,,,INT-04,Divide,VIS-02,Covert,SEV-1,Minimal,تشویق به تجزیه نخبگان سیاسی و تجاری...,Encouraging division of elites via ideological differences.
TH-0158,Internal Instability Agent Support,DOM-03,Political & Diplomatic,ACT-02,دوست,MEC-308,Subversion Funding,MEC-606,Violence & Riot Incitement,,,INT-01,Destabilize,VIS-02,Covert,SEV-2,Low,حمایت از سازمان‌های داخلی علاقه‌مند به بی‌ثبات کردن اوضاع,Supporting internal organizations interested in destabilization.
TH-0159,Conspiracy Theory Promotion,DOM-01,Information & Cognitive,ACT-03,دشمن,MEC-102,Disinformation,MEC-109,Influence Campaign,,,INT-05,Deceive,VIS-02,Covert,SEV-3,Moderate,ایجاد و تقویت تئوری‌های توطئه,Creating and strengthening conspiracy theories.
TH-0160,Freedom of Expression Abuse,DOM-01,Information & Cognitive,ACT-03,دشمن,MEC-103,Misinformation,MEC-102,Disinformation,,,INT-05,Deceive,VIS-01,Overt,SEV-4,High,سوء استفاده و تضعیف آزادی بیان از طریق انتشار اطلاعات نادرست,Abusing and undermining freedom of expression via disinformation.
TH-0161,Global Supply Chain Manipulation,DOM-02,Economic,ACT-03,دشمن,MEC-306,Trade Restriction,MEC-302,Market Manipulation,,,INT-11,Exhaust,VIS-03,Mixed,SEV-5,Severe,دستکاری زنجیره‌های تأمین جهانی,Manipulating global supply chains.
TH-0162,Humanitarian Aid Weaponization,DOM-03,Political & Diplomatic,ACT-03,دشمن,MEC-401,Diplomatic Pressure,MEC-109,Influence Campaign,,,INT-02,Influence,VIS-01,Overt,SEV-6,Critical,کمک‌های به ظاهر بشردوستانه...,Humanitarian aid for influence/goodwill.
TH-0163,Transnational Personnel Influence,DOM-01,Information & Cognitive,ACT-03,دشمن,MEC-109,Influence Campaign,MEC-503,Espionage,,,INT-02,Influence,VIS-02,Covert,SEV-1,Minimal,استفاده از دانشجویان در حال تحصیل... و دیپلمات‌ها...,Using students/diplomats to promote hostile narratives.
TH-0164,Historical Lie/Distortion,DOM-01,Information & Cognitive,ACT-03,دشمن,MEC-104,Narrative Manipulation,MEC-112,Demoralization,,,INT-05,Deceive,VIS-01,Overt,SEV-2,Low,تحریف و دروغ‌پردازی درباره گذشته و زمان حال یک کشور,Distorting/lying about a country's past and present.
TH-0165,Socio-Political Crisis Incitement,DOM-03,Political & Diplomatic,ACT-03,دشمن,MEC-405,Crisis Exploitation,MEC-606,Violence & Riot Incitement,,,INT-01,Destabilize,VIS-03,Mixed,SEV-3,Moderate,تحریک یک بحران سیاسی اجتماعی,Inciting a socio-political crisis.
TH-0166,Institutional Cost-Shifting,DOM-03,Political & Diplomatic,ACT-03,دشمن,MEC-406,International Forum Manipulation,,,,,INT-12,Isolate,VIS-01,Overt,SEV-4,High,حفظ و تقویت نهادهای بین‌المللی با هزینه‌های یک کشور...,Maintaining institutions at target's expense.
TH-0167,Event Inversion Narrative,DOM-01,Information & Cognitive,ACT-03,دشمن,MEC-104,Narrative Manipulation,MEC-102,Disinformation,MEC-103,Misinformation,INT-05,Deceive,VIS-01,Overt,SEV-5,Severe,وارونه جلوه دادن رویدادها,Inverting events (narratively).
TH-0168,Achievement Minimization,DOM-01,Information & Cognitive,ACT-03,دشمن,MEC-112,Demoralization,MEC-104,Narrative Manipulation,,,INT-11,Exhaust,VIS-01,Overt,SEV-6,Critical,کوچک شمردن دستاوردها,Minimizing achievements.
TH-0169,Hope Suppression,DOM-01,Information & Cognitive,ACT-03,دشمن,MEC-108,Information Suppression,MEC-112,Demoralization,,,INT-11,Exhaust,VIS-02,Covert,SEV-1,Minimal,پنهان کردن جلوه‌های امیدبخش,Hiding hopeful aspects.
TH-0170,Flaw Magnification,DOM-01,Information & Cognitive,ACT-03,دشمن,MEC-104,Narrative Manipulation,MEC-109,Influence Campaign,,,INT-01,Destabilize,VIS-01,Overt,SEV-2,Low,بزرگ‌نمایی عیوب,Magnifying defects.
TH-0171,International Cooperation Sabotage,DOM-02,Economic,ACT-03,دشمن,MEC-306,Trade Restriction,MEC-401,Diplomatic Pressure,,,INT-12,Isolate,VIS-01,Overt,SEV-3,Moderate,جلوگیری از همکاری شرکت‌های بین‌المللی با یک کشور,Preventing international companies from cooperating with a country.
TH-0172,All Options Open Strategy,DOM-03,Political & Diplomatic,ACT-03,دشمن,MEC-401,Diplomatic Pressure,MEC-504,Force Projection,MEC-105,Psychological Operations,INT-07,Intimidate,VIS-01,Overt,SEV-4,High,حفظ راهبرد همه گزینه‌ها بر روی میز,Maintaining 'all options on the table' strategy.
TH-0173,Official Insecurity Propagation,DOM-03,Political & Diplomatic,ACT-03,دشمن,MEC-105,Psychological Operations,MEC-401,Diplomatic Pressure,,,INT-07,Intimidate,VIS-02,Covert,SEV-5,Severe,القای ناامن کردن کشورهای جهان برای مقامات یک کشور,Inducing insecurity for a country's officials globally.
TH-0174,Hostile Official Statements,DOM-03,Political & Diplomatic,ACT-03,دشمن,MEC-401,Diplomatic Pressure,MEC-110,Rumor Propagation,,,INT-02,Influence,VIS-01,Overt,SEV-6,Critical,بیانیه‌های رسمی دولتی با مضامینی خاص,Official government statements with specific hostile content.
TH-0175,Hostile Coalition Building,DOM-03,Political & Diplomatic,ACT-03,دشمن,MEC-401,Diplomatic Pressure,MEC-406,International Forum Manipulation,MEC-504,Force Projection,INT-12,Isolate,VIS-01,Overt,SEV-1,Minimal,ایجاد ائتلاف‌ها، اتحادیه‌ها و روابط استراتژیک با سایر کشورها,Creating hostile coalitions/strategic relations.
TH-0176,Third-Party Diplomatic Sabotage,DOM-03,Political & Diplomatic,ACT-03,دشمن,MEC-401,Diplomatic Pressure,MEC-109,Influence Campaign,,,INT-12,Isolate,VIS-02,Covert,SEV-2,Low,مداخله خارجی و کارشکنی در روابط دوجانبه...,Third-party sabotage of bilateral relations.
TH-0177,Border Conflict & Violence,DOM-05,Military,ACT-03,دشمن,MEC-407,Border Provocation,MEC-502,Sabotage,,,INT-01,Destabilize,VIS-01,Overt,SEV-3,Moderate,اختلاف و خشونت مرزی,Border conflicts and violence.
TH-0178,Diplomatic Isolation,DOM-03,Political & Diplomatic,ACT-03,دشمن,MEC-401,Diplomatic Pressure,MEC-306,Trade Restriction,,,INT-12,Isolate,VIS-01,Overt,SEV-4,High,منزوی کردن و قطع روابط دیپلماتیک,Isolating and severing diplomatic relations.
TH-0179,Diplomatic Coercion,DOM-03,Political & Diplomatic,ACT-03,دشمن,MEC-401,Diplomatic Pressure,MEC-404,Legal Manipulation,,,INT-07,Intimidate,VIS-01,Overt,SEV-5,Severe,اعمال فشارهای دیپلماتیک,Diplomatic pressures.
TH-0180,Inter-Religious Division,DOM-04,Social,ACT-03,دشمن,MEC-602,Identity Manipulation,MEC-109,Influence Campaign,,,INT-04,Divide,VIS-03,Mixed,SEV-6,Critical,ایجاد تفرقه بین کشورها با ادیان یکسان,Creating division between countries sharing the same religion.
TH-0181,Hostile International Forum Support,DOM-03,Political & Diplomatic,ACT-03,دشمن,MEC-406,International Forum Manipulation,MEC-401,Diplomatic Pressure,MEC-403,Institutional Capture,INT-12,Isolate,VIS-01,Overt,SEV-1,Minimal,حمایت از سازوکارهای برخورد در مجامع بین‌المللی توسط دشمنان,Supporting confrontation mechanisms in international forums.
TH-0182,Co-optive International Agreements,DOM-03,Political & Diplomatic,ACT-03,دشمن,MEC-401,Diplomatic Pressure,MEC-305,Investment Influence,,,INT-03,Control,VIS-01,Overt,SEV-2,Low,انعقاد تفاهم‌نامه‌های بین کشورها,Concluding international memorandums (co-optive).
TH-0183,Hybrid Threat Awareness Gap,DOM-01,Information & Cognitive,ACT-01,خودی,MEC-108,Information Suppression,,,,,INT-11,Exhaust,VIS-02,Covert,SEV-3,Moderate,عدم آگاهی مردم جامعه از تهدیدات ترکیبی,Lack of public awareness regarding hybrid threats.
TH-0184,Hostile Lifestyle Promotion,DOM-04,Social,ACT-03,دشمن,MEC-603,Cultural Influence,MEC-109,Influence Campaign,,,INT-02,Influence,VIS-01,Overt,SEV-4,High,ترویج سبک زندگی مد نظر کشورهای متخاصم در یک کشور هدف,Promoting a foreign-desired lifestyle in a target country.
TH-0185,Lifestyle Mimicry Subversion,DOM-04,Social,ACT-03,دشمن,MEC-603,Cultural Influence,,,,,INT-02,Influence,VIS-01,Overt,SEV-5,Severe,تقلید از سبک‌های زندگی مد نظر کشورهای متخاصم,Mimicry of lifestyles desired by hostile states.
TH-0186,Drug Trafficking (Social Destabilization),DOM-04,Social,ACT-03,دشمن,MEC-502,Sabotage,MEC-601,Social Polarization,MEC-308,Subversion Funding,INT-01,Destabilize,VIS-02,Covert,SEV-6,Critical,قاچاق مواد مخدر,Drug trafficking.
TH-0187,Systemic Social Disorder,DOM-04,Social,ACT-03,دشمن,MEC-606,Violence & Riot Incitement,MEC-502,Sabotage,,,INT-01,Destabilize,VIS-02,Covert,SEV-1,Minimal,جنایت فراگیر و بی‌نظمی گسترده,Widespread crime and disorder.
TH-0188,Ethnic Conflict Incitement,DOM-04,Social,ACT-03,دشمن,MEC-601,Social Polarization,MEC-602,Identity Manipulation,MEC-606,Violence & Riot Incitement,INT-04,Divide,VIS-02,Covert,SEV-2,Low,ایجاد و تشدید اختلافات قومی,Creating and exacerbating ethnic conflicts.
TH-0189,Systemic Corruption Propagation,DOM-04,Social,ACT-03,دشمن,MEC-308,Subversion Funding,MEC-403,Institutional Capture,,,INT-01,Destabilize,VIS-02,Covert,SEV-3,Moderate,رواج فساد,Spread of corruption.
TH-0190,NGO Subversive Operations,DOM-04,Social,ACT-04,نامعلوم,MEC-308,Subversion Funding,MEC-109,Influence Campaign,,,INT-01,Destabilize,VIS-02,Covert,SEV-4,High,اقدامات مخرب سازمان‌های مردم‌نهاد و NGOها,Destructive actions by NGOs.
TH-0191,Inter-Group Violence,DOM-04,Social,ACT-02,دوست,MEC-606,Violence & Riot Incitement,MEC-601,Social Polarization,,,INT-01,Destabilize,VIS-01,Overt,SEV-5,Severe,خشونت بین‌جمعی,Inter-group violence.
TH-0192,Social Norm Deconstruction,DOM-04,Social,ACT-03,دشمن,MEC-603,Cultural Influence,MEC-109,Influence Campaign,MEC-104,Narrative Manipulation,INT-04,Divide,VIS-01,Overt,SEV-6,Critical,کشف حجاب,Deconstruction of social norms (e.g. forced unveiling).
TH-0193,Social Vulnerability Weaponization,DOM-04,Social,ACT-03,دشمن,MEC-105,Psychological Operations,MEC-104,Narrative Manipulation,,,INT-01,Destabilize,VIS-02,Covert,SEV-1,Minimal,بهره‌گیری از آسیب‌های اجتماعی توسط دشمنان...,Weaponizing social vulnerabilities and highlighting societal flaws.
TH-0194,Public Trust Erosion,DOM-04,Social,ACT-03,دشمن,MEC-109,Influence Campaign,MEC-102,Disinformation,,,INT-01,Destabilize,VIS-02,Covert,SEV-2,Low,ایجاد شکاف و تضعیف اعتماد عمومی و اجتماعی,Creating divides and weakening public/social trust.
TH-0195,Autonomy Disinformation Schemes,DOM-04,Social,ACT-03,دشمن,MEC-104,Narrative Manipulation,MEC-602,Identity Manipulation,MEC-610,Separatist Incitement,INT-04,Divide,VIS-02,Covert,SEV-3,Moderate,طرح‌های خودمختاری ارائه شده توسط دشمن...,Autonomy schemes offered by enemies to specific regions.
TH-0196,Drug Addiction Epidemic,DOM-04,Social,ACT-03,دشمن,MEC-502,Sabotage,MEC-601,Social Polarization,MEC-609,Public Health Degradation,INT-01,Destabilize,VIS-02,Covert,SEV-4,High,اعتیاد به مواد مخدر,Drug addiction epidemic.
TH-0197,Grassroots Disinformation,DOM-01,Information & Cognitive,ACT-04,نامعلوم,MEC-103,Misinformation,MEC-102,Disinformation,,,INT-05,Deceive,VIS-01,Overt,SEV-5,Severe,دروغ‌پراکنی، اطلاعات نادرست و پروپاگاندا توسط افراد یک جامعه,Disinformation/propaganda disseminated by individuals within society.
TH-0198,Human Trafficking Subversion,DOM-04,Social,ACT-03,دشمن,MEC-502,Sabotage,MEC-308,Subversion Funding,,,INT-01,Destabilize,VIS-02,Covert,SEV-6,Critical,قاچاق انسان,Human trafficking.
TH-0199,Cultural Value Mockery,DOM-04,Social,ACT-03,دشمن,MEC-603,Cultural Influence,MEC-109,Influence Campaign,MEC-111,Character Assassination,INT-04,Divide,VIS-01,Overt,SEV-1,Minimal,تقلید تمسخرآمیز (تغییر شکل عامدانه) از ارزش‌های مورد احترام...,Mocking valued societal norms/values.
TH-0200,Domestic Family Tension Incitement,DOM-04,Social,ACT-03,دشمن,MEC-109,Influence Campaign,MEC-601,Social Polarization,,,INT-04,Divide,VIS-02,Covert,SEV-2,Low,ایجاد تنش میان خانواده‌ها,Creating tension between families.
TH-0201,Terror-Induced Coercion,DOM-04,Social,ACT-03,دشمن,MEC-606,Violence & Riot Incitement,MEC-105,Psychological Operations,,,INT-07,Intimidate,VIS-01,Overt,SEV-3,Moderate,مجبور کردن مردم به انجام اقداماتی از طریق ایجاد رعب و وحشت...,Forcing compliance via terror.
TH-0202,Psychological Affect Manipulation,DOM-01,Information & Cognitive,ACT-03,دشمن,MEC-105,Psychological Operations,MEC-104,Narrative Manipulation,,,INT-07,Intimidate,VIS-02,Covert,SEV-4,High,دستکاری احساسات مردم؛ القای فضای ترس، ناامیدی و وحشت,Manipulating public emotions (inducing fear/despair).
TH-0203,Mass Panic Incitement,DOM-04,Social,ACT-03,دشمن,MEC-105,Psychological Operations,MEC-109,Influence Campaign,,,INT-07,Intimidate,VIS-01,Overt,SEV-5,Severe,برانگیختن هراس جمعی,Inciting mass panic.
TH-0204,Direct Verbal Agitation,DOM-04,Social,ACT-02,دوست,MEC-604,Protest Mobilization,MEC-110,Rumor Propagation,,,INT-02,Influence,VIS-01,Overt,SEV-6,Critical,تماس مستقیم با مردم در خیابان و انتقال شفاهی پیام,Direct street-level verbal agitation.
TH-0205,Protest Rally Agitation,DOM-04,Social,ACT-02,دوست,MEC-604,Protest Mobilization,MEC-606,Violence & Riot Incitement,,,INT-01,Destabilize,VIS-01,Overt,SEV-1,Minimal,سخنرانی در تجمعات یا تظاهرات,Agitation at rallies/protests.
TH-0206,Manufactured Discrimination Grievance,DOM-04,Social,ACT-03,دشمن,MEC-104,Narrative Manipulation,MEC-602,Identity Manipulation,MEC-601,Social Polarization,INT-04,Divide,VIS-02,Covert,SEV-2,Low,متقاعد کردن مردم محلی توسط دشمن...,Convincing locals they face discrimination.
TH-0207,Racial Prejudice Amplification,DOM-04,Social,ACT-03,دشمن,MEC-602,Identity Manipulation,MEC-601,Social Polarization,,,INT-04,Divide,VIS-01,Overt,SEV-3,Moderate,گسترش تعصبات نژادی,Spreading racial prejudices.
TH-0208,Ideological Conflict,DOM-04,Social,ACT-03,دشمن,MEC-603,Cultural Influence,MEC-602,Identity Manipulation,,,INT-04,Divide,VIS-01,Overt,SEV-4,High,مخاصمات ایدئولوژیکی,Ideological conflicts.
TH-0209,Political Party Ideological Infiltration,DOM-03,Political & Diplomatic,ACT-03,دشمن,MEC-403,Institutional Capture,MEC-109,Influence Campaign,MEC-402,Election Interference,INT-03,Control,VIS-02,Covert,SEV-5,Severe,نفوذ احزاب و جنبش‌های سیاسی بر مردم,Infiltration of political parties/movements.
TH-0210,Religious Suspicion Propagation,DOM-04,Social,ACT-03,دشمن,MEC-102,Disinformation,MEC-112,Demoralization,,,INT-04,Divide,VIS-02,Covert,SEV-6,Critical,شبهه‌پراکنی‌های مذهبی و اعتقادی,Spreading religious/belief suspicions.
TH-0211,Religious Sectarianism Engineering,DOM-04,Social,ACT-03,دشمن,MEC-602,Identity Manipulation,MEC-601,Social Polarization,,,INT-04,Divide,VIS-02,Covert,SEV-1,Minimal,فرقه‌سازی‌های مذهبی,Religious sectarianism engineering.
TH-0212,Emergent/Apostate Religion Creation,DOM-04,Social,ACT-03,دشمن,MEC-603,Cultural Influence,MEC-602,Identity Manipulation,MEC-601,Social Polarization,INT-04,Divide,VIS-02,Covert,SEV-2,Low,ایجاد ادیان نوظهور و مرتد,Creation of emergent/apostate religions.
TH-0213,Hostile Ideological Promotion (e.g. American Islam),DOM-04,Social,ACT-03,دشمن,MEC-603,Cultural Influence,MEC-109,Influence Campaign,MEC-608,Extremist Radicalization,INT-02,Influence,VIS-02,Covert,SEV-3,Moderate,ترویج اسلام آمریکایی,Promoting foreign-desired religious interpretations.
TH-0214,Religious Institution Abandonment,DOM-04,Social,ACT-03,دشمن,MEC-112,Demoralization,MEC-109,Influence Campaign,,,INT-01,Destabilize,VIS-01,Overt,SEV-4,High,دوری از اماکن مذهبی (مانند مساجد),Abandonment of religious places.
TH-0215,Anti-Morality Hubs,DOM-04,Social,ACT-03,دشمن,MEC-603,Cultural Influence,,,,,INT-01,Destabilize,VIS-02,Covert,SEV-5,Severe,کانون‌های ضد معنویت و اخلاق,Anti-morality/spirituality hubs.
TH-0216,Official Value Abandonment,DOM-03,Political & Diplomatic,ACT-01,خودی,MEC-309,Policy Sabotage,MEC-109,Influence Campaign,,,INT-01,Destabilize,VIS-01,Overt,SEV-6,Critical,رویگردانی مسئولان از ارزش‌های دینی,Officials abandoning religious values.
TH-0217,Educational Value Neglect,DOM-04,Social,ACT-01,خودی,MEC-309,Policy Sabotage,,,,,INT-11,Exhaust,VIS-01,Overt,SEV-1,Minimal,عدم آموزش کافی و یادگیری صحیح مفاهیم مذهبی...,Neglecting religious education in schools/universities.
TH-0218,Revolutionary/Religious Value Destruction,DOM-04,Social,ACT-03,دشمن,MEC-603,Cultural Influence,MEC-112,Demoralization,,,INT-01,Destabilize,VIS-02,Covert,SEV-2,Low,تخریب ارزش‌های انقلابی و دینی,Destruction of revolutionary and religious values.
TH-0219,Religious Discord Intensification,DOM-04,Social,ACT-03,دشمن,MEC-601,Social Polarization,MEC-602,Identity Manipulation,MEC-105,Psychological Operations,INT-04,Divide,VIS-02,Covert,SEV-3,Moderate,ایجاد و تشدید اختلافات مذهبی,Intensifying religious conflicts.
TH-0220,Social/Mystical Deviance,DOM-04,Social,ACT-03,دشمن,MEC-603,Cultural Influence,MEC-602,Identity Manipulation,MEC-112,Demoralization,INT-01,Destabilize,VIS-02,Covert,SEV-4,High,انحرافات اجتماعی و عرفان‌های کاذب,Social deviance and false mysticism.
TH-0221,Espionage (General),DOM-01,Information & Cognitive,ACT-03,دشمن,MEC-503,Espionage,,,,,INT-08,Steal,VIS-02,Covert,SEV-5,Severe,جاسوسی,General espionage activities.
TH-0222,Intelligence Sharing Agreements,DOM-01,Information & Cognitive,ACT-03,دشمن,MEC-401,Diplomatic Pressure,MEC-503,Espionage,,,INT-02,Influence,VIS-02,Covert,SEV-6,Critical,توافق کشورها برای اشتراک‌گذاری اطلاعات,Agreements between hostile states to share intelligence.
TH-0223,Vulnerability Data Collection,DOM-01,Information & Cognitive,ACT-03,دشمن,MEC-503,Espionage,MEC-207,Data Harvesting & Microtargeting,,,INT-08,Steal,VIS-02,Covert,SEV-1,Minimal,جمع‌آوری اطلاعات در مورد آسیب‌پذیری‌ها از مردم...,Collecting vulnerability data from population.
TH-0224,Real-Time Data Access,DOM-01,Information & Cognitive,ACT-03,دشمن,MEC-203,Data Exfiltration,MEC-201,Cyber Intrusion,MEC-207,Data Harvesting & Microtargeting,INT-08,Steal,VIS-02,Covert,SEV-2,Low,دسترسی به اطلاعات به‌روز کشور توسط دشمن,Enemy access to real-time national data.
TH-0225,Coercive Bargaining Espionage,DOM-03,Political & Diplomatic,ACT-03,دشمن,MEC-503,Espionage,MEC-401,Diplomatic Pressure,MEC-302,Market Manipulation,INT-07,Intimidate,VIS-02,Covert,SEV-3,Moderate,جاسوسی و جمع‌آوری اطلاعات به صورت مخفیانه...,Clandestine espionage for coercive bargaining advantage.
TH-0226,Fifth Column Development,DOM-03,Political & Diplomatic,ACT-03,دشمن,MEC-403,Institutional Capture,MEC-109,Influence Campaign,MEC-507,Proxy Warfare Support,INT-01,Destabilize,VIS-02,Covert,SEV-4,High,پرورش گروهی از افراد به عنوان ستون پنجم,Developing a fifth column.
TH-0227,Massive Information Infiltration,DOM-01,Information & Cognitive,ACT-03,دشمن,MEC-109,Influence Campaign,MEC-101,Propaganda,,,INT-02,Influence,VIS-02,Covert,SEV-5,Severe,عملیات گسترده نفوذ اطلاعاتی,Extensive information influence operations.
TH-0228,Spy Cover Exchange,DOM-03,Political & Diplomatic,ACT-03,دشمن,MEC-503,Espionage,MEC-401,Diplomatic Pressure,MEC-205,Credential Theft,INT-05,Deceive,VIS-02,Covert,SEV-6,Critical,مبادله دو جانبه با هدف پوششی برای جاسوسی,Bilateral exchanges used as a cover for espionage.
TH-0229,Arms Race & Deterrence Manipulation,DOM-05,Military,ACT-03,دشمن,MEC-504,Force Projection,MEC-105,Psychological Operations,MEC-309,Policy Sabotage,INT-07,Intimidate,VIS-01,Overt,SEV-1,Minimal,رقابت تسلیحاتی و وضعیت بازدارندگی...,Arms race manipulation and force projection.
TH-0230,Hostile Military Alliances,DOM-05,Military,ACT-03,دشمن,MEC-504,Force Projection,MEC-401,Diplomatic Pressure,MEC-506,Undeclared Gray-Zone Action,INT-12,Isolate,VIS-01,Overt,SEV-2,Low,متحدین نظامی یک کشور,Hostile military alliances.
TH-0231,Military Rumor Mongering,DOM-01,Information & Cognitive,ACT-03,دشمن,MEC-110,Rumor Propagation,MEC-102,Disinformation,,,INT-07,Intimidate,VIS-02,Covert,SEV-3,Moderate,شایعه‌پراکنی در مورد تسلیحات نظامی,Spreading rumors about military capabilities.
TH-0232,Army Defamation (Terrorist Support Accusation),DOM-01,Information & Cognitive,ACT-03,دشمن,MEC-104,Narrative Manipulation,MEC-111,Character Assassination,,,INT-01,Destabilize,VIS-01,Overt,SEV-4,High,بدنام نشان دادن ارتش...,Defaming the military as supporting terrorists.
TH-0233,Army Diplomatic Sabotage Blame,DOM-03,Political & Diplomatic,ACT-03,دشمن,MEC-104,Narrative Manipulation,MEC-401,Diplomatic Pressure,,,INT-01,Destabilize,VIS-01,Overt,SEV-5,Severe,مقصر جلوه دادن ارتش یک کشور...,Blaming the army for diplomatic failures.
TH-0234,Terrorist Attacks,DOM-05,Military,ACT-03,دشمن,MEC-502,Sabotage,MEC-606,Violence & Riot Incitement,,,INT-09,Destroy,VIS-01,Overt,SEV-6,Critical,حملات تروریستی,Terrorist attacks.
TH-0235,Massive Military Exercises (Intimidation),DOM-05,Military,ACT-03,دشمن,MEC-504,Force Projection,MEC-105,Psychological Operations,MEC-407,Border Provocation,INT-07,Intimidate,VIS-01,Overt,SEV-1,Minimal,رزمایش عظیم نظامی,Massive military exercises.
TH-0236,Joint Military Exercises (Hostile),DOM-05,Military,ACT-03,دشمن,MEC-504,Force Projection,MEC-401,Diplomatic Pressure,MEC-105,Psychological Operations,INT-07,Intimidate,VIS-01,Overt,SEV-2,Low,رزمایش مشترک کشورها,Joint hostile military exercises.
TH-0237,Military Personnel/Family Targeting,DOM-05,Military,ACT-03,دشمن,MEC-502,Sabotage,MEC-105,Psychological Operations,,,INT-07,Intimidate,VIS-02,Covert,SEV-3,Moderate,جنایت علیه ارتش یک کشور و خانواده‌هایشان,Crimes against military personnel and their families.
TH-0238,Guerrilla Warfare Operations,DOM-05,Military,ACT-02,دوست,MEC-502,Sabotage,MEC-507,Proxy Warfare Support,,,INT-09,Destroy,VIS-02,Covert,SEV-4,High,اقدامات چریکی,Guerrilla operations.
TH-0239,Guerrilla Funding (Transnational),DOM-05,Military,ACT-03,دشمن,MEC-308,Subversion Funding,MEC-507,Proxy Warfare Support,,,INT-09,Destroy,VIS-02,Covert,SEV-5,Severe,تأمین سرمایه چریک‌ها...,Funding guerrillas via global criminal networks.
TH-0240,Border Military Buildup,DOM-05,Military,ACT-03,دشمن,MEC-504,Force Projection,MEC-407,Border Provocation,,,INT-07,Intimidate,VIS-01,Overt,SEV-6,Critical,افزایش حضور نیروهای نظامی دشمن در نزدیکی مرزها...,Border military buildup.
TH-0241,Oil Platform Military Base Rental,DOM-05,Military,ACT-03,دشمن,MEC-504,Force Projection,MEC-307,Strategic Asset Acquisition,,,INT-03,Control,VIS-02,Covert,SEV-1,Minimal,اجاره سکوهای نفتی...,Renting oil platforms as military patrol bases.
TH-0242,Hostile Military Investment Expansion,DOM-05,Military,ACT-03,دشمن,MEC-504,Force Projection,MEC-305,Investment Influence,,,INT-07,Intimidate,VIS-01,Overt,SEV-2,Low,افزایش سرمایه‌گذاری در حوزه نظامی...,Hostile military investment expansion.
TH-0243,Private-Public Military Participation,DOM-05,Military,ACT-03,دشمن,MEC-504,Force Projection,MEC-406,International Forum Manipulation,MEC-308,Subversion Funding,INT-02,Influence,VIS-01,Overt,SEV-3,Moderate,توسعه مشارکت‌های دولتی و خصوصی برخی سازمان‌ها مانند ناتو,NATO-like public-private military participation development.
TH-0244,Provocative Border Maneuvers,DOM-05,Military,ACT-03,دشمن,MEC-407,Border Provocation,MEC-504,Force Projection,,,INT-07,Intimidate,VIS-01,Overt,SEV-4,High,تمرینات و مانورهای نظامی در نزدیکی مرز کشورها,Border-adjacent military maneuvers.
TH-0245,Military Intimidation/Power Projection,DOM-05,Military,ACT-03,دشمن,MEC-504,Force Projection,MEC-105,Psychological Operations,,,INT-07,Intimidate,VIS-01,Overt,SEV-5,Severe,اقدامات نظامی به منظور ارعاب...,Military actions for intimidation/power projection.
TH-0246,Consulate Military Attack,DOM-05,Military,ACT-03,دشمن,MEC-501,Kinetic Strike,MEC-502,Sabotage,,,INT-09,Destroy,VIS-01,Overt,SEV-6,Critical,حمله نظامی به کنسولگری‌ها,Military strike on consulates.
TH-0247,Military Leader Assassination,DOM-05,Military,ACT-03,دشمن,MEC-501,Kinetic Strike,MEC-503,Espionage,,,INT-09,Destroy,VIS-02,Covert,SEV-1,Minimal,ترور شخصیت‌ها و مقامات نظامی,Assassination of military figures/leaders.
TH-0248,Undeclared Gray-Zone Warfare,DOM-05,Military,ACT-03,دشمن,MEC-506,Undeclared Gray-Zone Action,MEC-504,Force Projection,,,INT-01,Destabilize,VIS-02,Covert,SEV-2,Low,عدم اعلام جنگ توسط یک کشور...,Undeclared warfare (gray-zone).
TH-0249,Security/Defense Vulnerability Exploitation,DOM-05,Military,ACT-03,دشمن,MEC-503,Espionage,MEC-201,Cyber Intrusion,,,INT-10,Exploit,VIS-02,Covert,SEV-3,Moderate,تلاش دشمن برای ایجاد آسیب‌پذیری...,Hostile attempts to create defense/security vulnerabilities.
TH-0250,Defense Personnel Incitement,DOM-05,Military,ACT-03,دشمن,MEC-105,Psychological Operations,MEC-109,Influence Campaign,,,INT-01,Destabilize,VIS-02,Covert,SEV-4,High,تحریک احساسات کارکنان امنیتی و دفاعی,Inciting emotions of security/defense personnel.
TH-0251,Military/Civilian Force Infiltration,DOM-05,Military,ACT-03,دشمن,MEC-503,Espionage,MEC-403,Institutional Capture,,,INT-03,Control,VIS-02,Covert,SEV-5,Severe,افزایش نفوذ در بین نیروهای لشکری و کشوری,Increased infiltration of military/civilian forces.
TH-0252,Equipment Update Obstruction,DOM-05,Military,ACT-03,دشمن,MEC-309,Policy Sabotage,MEC-404,Legal Manipulation,,,INT-06,Delay,VIS-02,Covert,SEV-6,Critical,ایجاد موانع و جلوگیری از توسعه و به‌روزرسانی...,Creating obstacles/preventing military equipment development/updates.
TH-0253,Military-Industrial Firm Infiltration,DOM-06,Infrastructure & Technology,ACT-03,دشمن,MEC-203,Data Exfiltration,MEC-503,Espionage,MEC-403,Institutional Capture,INT-08,Steal,VIS-02,Covert,SEV-1,Minimal,نفوذ بر شرکت‌های خصوصی با حوزه فعالیت نظامی,Infiltrating private military-industrial firms.
TH-0254,Defense Infrastructure Infiltration,DOM-06,Infrastructure & Technology,ACT-03,دشمن,MEC-201,Cyber Intrusion,MEC-503,Espionage,,,INT-09,Destroy,VIS-02,Covert,SEV-2,Low,نفوذ بر زیرساخت‌های دفاعی و امنیتی,Infiltrating defense/security infrastructure.
TH-0255,Minority-Pretext Intervention,DOM-03,Political & Diplomatic,ACT-03,دشمن,MEC-504,Force Projection,MEC-401,Diplomatic Pressure,,,INT-03,Control,VIS-01,Overt,SEV-3,Moderate,مداخله نظامی یک کشور به بهانه حمایت از اقلیت‌های آن,Military intervention under pretext of protecting minorities.
TH-0256,Border-Adjacent Militant Training,DOM-05,Military,ACT-02,دوست,MEC-507,Proxy Warfare Support,MEC-502,Sabotage,,,INT-01,Destabilize,VIS-02,Covert,SEV-4,High,آموزش شبه‌نظامیان در نزدیکی مرزها,Training militants near borders.
TH-0257,Maritime Conflict,DOM-05,Military,ACT-03,دشمن,MEC-504,Force Projection,MEC-401,Diplomatic Pressure,MEC-304,Resource Denial,INT-07,Intimidate,VIS-01,Overt,SEV-5,Severe,مناقشات دریایی,Maritime conflicts.
TH-0258,Saboteur Group Utilization,DOM-05,Military,ACT-03,دشمن,MEC-502,Sabotage,MEC-507,Proxy Warfare Support,,,INT-09,Destroy,VIS-02,Covert,SEV-6,Critical,استفاده از گروه‌های خرابکار...,Using saboteur groups in military/non-military facilities.
TH-0259,Military Reinforcement Legislation,DOM-05,Military,ACT-01,خودی,MEC-404,Legal Manipulation,MEC-504,Force Projection,,,INT-02,Influence,VIS-01,Overt,SEV-1,Minimal,تصویب قوانین در یک کشور برای حمایت از نیروهای نظامی آن...,Legislating military reinforcement/support.
TH-0260,Foreign Military Advisor Hiring,DOM-05,Military,ACT-03,دشمن,MEC-507,Proxy Warfare Support,MEC-503,Espionage,,,INT-03,Control,VIS-02,Covert,SEV-2,Low,استخدام مشاوران نظامی از سایر کشورها,Hiring foreign military advisors (as infiltration/control).
TH-0261,Hostile Joint Military Task Force,DOM-05,Military,ACT-03,دشمن,MEC-504,Force Projection,MEC-406,International Forum Manipulation,MEC-507,Proxy Warfare Support,INT-03,Control,VIS-01,Overt,SEV-3,Moderate,ایجاد کارگروه مشترک نظامی...,Creating joint military task force with entities (e.g. NATO).
TH-0262,Long-Term Security Pacts,DOM-03,Political & Diplomatic,ACT-03,دشمن,MEC-401,Diplomatic Pressure,MEC-504,Force Projection,MEC-507,Proxy Warfare Support,INT-03,Control,VIS-01,Overt,SEV-4,High,انعقاد پیمان‌های امنیتی و نظامی بلندمدت...,Concluding long-term security/military pacts.
TH-0263,Military Threat Cognitive Warfare,DOM-01,Information & Cognitive,ACT-03,دشمن,MEC-105,Psychological Operations,MEC-104,Narrative Manipulation,MEC-504,Force Projection,INT-07,Intimidate,VIS-01,Overt,SEV-5,Severe,بیان تهدید نظامی؛ جنگ شناختی مؤثر...,Effective cognitive warfare through military threat statements.
TH-0264,Military-Political Strategy Gap,DOM-05,Military,ACT-01,خودی,MEC-309,Policy Sabotage,,,,,INT-01,Destabilize,VIS-01,Overt,SEV-6,Critical,شکاف بین راهبردهای نظامی و سیاسی کشور,Gap between national military and political strategies.
TH-0265,Arms Export Sanctions,DOM-02,Economic,ACT-03,دشمن,MEC-301,Economic Sanctions,MEC-306,Trade Restriction,MEC-309,Policy Sabotage,INT-06,Delay,VIS-01,Overt,SEV-1,Minimal,تحریم صدور تسلیحات نظامی,Arms export sanctions.
TH-0266,Technology Dependency,DOM-06,Infrastructure & Technology,ACT-03,دشمن,MEC-309,Policy Sabotage,,,,,INT-11,Exhaust,VIS-01,Overt,SEV-2,Low,وابستگی به فناوری,Technological dependency.
TH-0267,Tech Supplier Espionage,DOM-06,Infrastructure & Technology,ACT-03,دشمن,MEC-503,Espionage,MEC-206,Supply Chain Compromise,,,INT-08,Steal,VIS-02,Covert,SEV-3,Moderate,جاسوسی شرکت‌های فناورانه...,Espionage by tech companies in the supply chain.
TH-0268,Academic Despair Narrative,DOM-01,Information & Cognitive,ACT-03,دشمن,MEC-112,Demoralization,MEC-109,Influence Campaign,,,INT-11,Exhaust,VIS-01,Overt,SEV-4,High,روایت ناامیدی و برجسته کردن اقدامات یک کشور...,Narrative of despair highlighting negative aspects in scientific publications.
TH-0269,Neutral-Seeming Ideological Bias,DOM-01,Information & Cognitive,ACT-03,دشمن,MEC-109,Influence Campaign,MEC-104,Narrative Manipulation,,,INT-02,Influence,VIS-02,Covert,SEV-5,Severe,هدایت انتشارات و تحلیل‌های علمی به سمت مفاهیمی...,Directing scientific publications to subtly biased concepts.
TH-0270,IP Theft (Tech),DOM-06,Infrastructure & Technology,ACT-03,دشمن,MEC-203,Data Exfiltration,MEC-201,Cyber Intrusion,,,INT-08,Steal,VIS-02,Covert,SEV-6,Critical,دزدی مالکیت معنوی برای توسعه فناوری...,Intellectual property theft for tech development.
TH-0271,Academic/Scientific Infiltration,DOM-01,Information & Cognitive,ACT-03,دشمن,MEC-503,Espionage,MEC-109,Influence Campaign,,,INT-02,Influence,VIS-02,Covert,SEV-1,Minimal,نفوذ در محافل دانشگاهی و علمی,Infiltrating academic/scientific circles.
TH-0272,AI Deepfake/Content Generation,DOM-01,Information & Cognitive,ACT-04,نامعلوم,MEC-106,Deepfake Distribution,MEC-102,Disinformation,MEC-104,Narrative Manipulation,INT-05,Deceive,VIS-02,Covert,SEV-2,Low,استفاده از هوش مصنوعی برای تولید محتوا و جعل عمیق,Using AI for content production and deepfakes.
TH-0273,Research Direction Manipulation,DOM-01,Information & Cognitive,ACT-03,دشمن,MEC-109,Influence Campaign,MEC-403,Institutional Capture,MEC-308,Subversion Funding,INT-03,Control,VIS-02,Covert,SEV-3,Moderate,هدایت و جهت‌دهی به پروژه‌های تحقیقاتی...,Directing research/academic projects in target universities.
TH-0274,Sensitive Tech Leakage,DOM-06,Infrastructure & Technology,ACT-03,دشمن,MEC-203,Data Exfiltration,MEC-503,Espionage,MEC-203,Data Exfiltration,INT-08,Steal,VIS-02,Covert,SEV-4,High,نشت اطلاعات علمی و فناوری‌های حساس,Leakage of scientific/sensitive tech info.
TH-0275,Brain Drain,DOM-04,Social,ACT-03,دشمن,MEC-109,Influence Campaign,MEC-603,Cultural Influence,,,INT-11,Exhaust,VIS-01,Overt,SEV-5,Severe,مهاجرت نخبگان و دانشمندان (فرار مغزها),Brain drain (exodus of elites/scientists).
TH-0276,Tech Emerging/Key Backwardness,DOM-06,Infrastructure & Technology,ACT-01,خودی,MEC-309,Policy Sabotage,MEC-304,Resource Denial,,,INT-11,Exhaust,VIS-01,Overt,SEV-6,Critical,عقب‌ماندگی در فناوری‌های نوظهور و کلیدی,Backwardness in emerging/key technologies.
TH-0277,Bot-Driven Opinion Direction,DOM-01,Information & Cognitive,ACT-04,نامعلوم,MEC-109,Influence Campaign,MEC-102,Disinformation,,,INT-02,Influence,VIS-02,Covert,SEV-1,Minimal,استفاده از حساب‌های کاربری خودکار (بات‌ها)...,Using bots to direct public opinion.
TH-0278,Scientific Sanctions (Data Blockade),DOM-02,Economic,ACT-03,دشمن,MEC-306,Trade Restriction,MEC-301,Economic Sanctions,,,INT-12,Isolate,VIS-01,Overt,SEV-2,Low,تحریم‌های علمی و عدم دسترسی به پایگاه‌های داده جهانی,Scientific sanctions (denying access to global data).
TH-0279,Lawfare (Legal Warfare),DOM-03,Political & Diplomatic,ACT-03,دشمن,MEC-404,Legal Manipulation,MEC-401,Diplomatic Pressure,,,INT-06,Delay,VIS-01,Overt,SEV-3,Moderate,استفاده از ابزارهای حقوقی و قوانین بین‌المللی (جنگ حقوقی),Lawfare (weaponized international law).
TH-0280,International Court Harassment,DOM-03,Political & Diplomatic,ACT-03,دشمن,MEC-404,Legal Manipulation,MEC-406,International Forum Manipulation,,,INT-07,Intimidate,VIS-01,Overt,SEV-4,High,ارجاع پرونده‌های بی‌اساس به دادگاه‌های بین‌المللی...,Filing baseless cases in international courts.
TH-0281,Extraterritorial Law Application,DOM-03,Political & Diplomatic,ACT-03,دشمن,MEC-404,Legal Manipulation,MEC-301,Economic Sanctions,,,INT-03,Control,VIS-01,Overt,SEV-5,Severe,وضع قوانین فرامرزی توسط کشورهای متخاصم...,Extraterritorial law application (e.g. secondary sanctions).
TH-0282,International Treaty Challenge,DOM-03,Political & Diplomatic,ACT-03,دشمن,MEC-406,International Forum Manipulation,MEC-401,Diplomatic Pressure,MEC-309,Policy Sabotage,INT-05,Deceive,VIS-01,Overt,SEV-6,Critical,به چالش کشیدن معاهدات و توافق‌نامه‌های بین‌المللی...,Challenging international treaties/agreements.
TH-0283,Human Rights Intervention,DOM-03,Political & Diplomatic,ACT-03,دشمن,MEC-404,Legal Manipulation,MEC-104,Narrative Manipulation,,,INT-02,Influence,VIS-01,Overt,SEV-1,Minimal,سوء استفاده از مفاهیم حقوق بشر برای مداخله...,Exploiting human rights concepts for intervention.
TH-0284,International Legal Boycott,DOM-03,Political & Diplomatic,ACT-03,دشمن,MEC-406,International Forum Manipulation,MEC-401,Diplomatic Pressure,MEC-404,Legal Manipulation,INT-12,Isolate,VIS-01,Overt,SEV-2,Low,عدم عضویت یا بایکوت کشور در نهادهای حقوقی بین‌المللی,Boycotting/non-membership in international legal bodies.
TH-0285,Double-Standard Rule Definition,DOM-03,Political & Diplomatic,ACT-03,دشمن,MEC-406,International Forum Manipulation,MEC-104,Narrative Manipulation,,,INT-05,Deceive,VIS-01,Overt,SEV-3,Moderate,تعاریف دوگانه از قوانین بین‌المللی...,Double definitions of international laws favoring powerful states.
TH-0286,Diplomatic/Official Travel Restriction,DOM-03,Political & Diplomatic,ACT-03,دشمن,MEC-401,Diplomatic Pressure,MEC-404,Legal Manipulation,MEC-406,International Forum Manipulation,INT-12,Isolate,VIS-01,Overt,SEV-4,High,ایجاد محدودیت‌های حقوقی برای تردد مقامات یا دیپلمات‌ها,Legal restrictions on official/diplomatic movement.
TH-0287,Foreign Asset Seizure (Legal),DOM-03,Political & Diplomatic,ACT-03,دشمن,MEC-404,Legal Manipulation,MEC-301,Economic Sanctions,,,INT-08,Steal,VIS-02,Covert,SEV-5,Severe,توقیف دارایی‌های خارجی کشور به بهانه‌های حقوقی,Seizure of foreign assets on legal pretexts.
TH-0288,Domestic Legal Hybrid Warfare Gap,DOM-03,Political & Diplomatic,ACT-01,خودی,MEC-309,Policy Sabotage,MEC-404,Legal Manipulation,,,INT-11,Exhaust,VIS-01,Overt,SEV-6,Critical,خلاءهای قانونی داخلی در مواجهه با ابزارهای جنگ ترکیبی,Domestic legal gaps regarding hybrid warfare tools.
TH-0289,Bioterrorism & Infectious Disease,DOM-06,Infrastructure & Technology,ACT-03,دشمن,MEC-502,Sabotage,MEC-501,Kinetic Strike,MEC-609,Public Health Degradation,INT-09,Destroy,VIS-02,Covert,SEV-1,Minimal,بیوتروریسم و اشاعه پنهان بیماری‌های واگیردار,Bioterrorism and covert infectious disease dissemination.
TH-0290,Water/Food Supply Contamination,DOM-06,Infrastructure & Technology,ACT-03,دشمن,MEC-502,Sabotage,MEC-501,Kinetic Strike,MEC-304,Resource Denial,INT-09,Destroy,VIS-02,Covert,SEV-2,Low,آلودگی عامدانه منابع آب آشامیدنی یا زنجیره غذایی,Deliberate contamination of water/food chain.
TH-0291,Health Crisis Panic Magnification,DOM-01,Information & Cognitive,ACT-03,دشمن,MEC-105,Psychological Operations,MEC-104,Narrative Manipulation,MEC-405,Crisis Exploitation,INT-01,Destabilize,VIS-03,Mixed,SEV-3,Moderate,ایجاد وحشت عمومی و فوبیا... از طریق بزرگ‌نمایی بحران‌های بهداشتی,Creating public panic/phobia via magnifying health crises.
TH-0292,Healthcare System Management Inefficiency,DOM-06,Infrastructure & Technology,ACT-01,خودی,MEC-309,Policy Sabotage,MEC-309,Policy Sabotage,,,INT-01,Destabilize,VIS-01,Overt,SEV-4,High,ناکارآمد جلوه دادن سیستم بهداشت و درمان کشور...,Inefficiency depiction of healthcare system management.
TH-0293,Medical/Vaccine Disinformation,DOM-01,Information & Cognitive,ACT-03,دشمن,MEC-102,Disinformation,MEC-103,Misinformation,,,INT-01,Destabilize,VIS-02,Covert,SEV-5,Severe,شایعه‌پراکنی و ایجاد اطلاعات نادرست پزشکی...,Spreading medical disinformation regarding vaccines/drugs.
TH-0294,Medical Supply Sanctions,DOM-02,Economic,ACT-03,دشمن,MEC-301,Economic Sanctions,MEC-306,Trade Restriction,MEC-609,Public Health Degradation,INT-11,Exhaust,VIS-01,Overt,SEV-6,Critical,تحریم دارویی و ممانعت از ورود تجهیزات پزشکی حیاتی,Medical sanctions and preventing entry of vital medical equipment.
TH-0295,Healthcare Cyber Sabotage,DOM-06,Infrastructure & Technology,ACT-03,دشمن,MEC-201,Cyber Intrusion,MEC-502,Sabotage,,,INT-09,Destroy,VIS-02,Covert,SEV-1,Minimal,خرابکاری در سیستم‌های اطلاعاتی بیمارستان‌ها...,Cyber attacks/sabotage on hospital/health information systems.
TH-0296,Population Ageing/Fertility Manipulation,DOM-04,Social,ACT-03,دشمن,MEC-603,Cultural Influence,MEC-109,Influence Campaign,MEC-609,Public Health Degradation,INT-01,Destabilize,VIS-02,Covert,SEV-2,Low,تضعیف نرخ باروری و پیری دست‌کاری‌شده جمعیت,Undermining fertility rates and manipulated population aging.
TH-0297,Food Security Environmental Sabotage,DOM-06,Infrastructure & Technology,ACT-03,دشمن,MEC-502,Sabotage,MEC-304,Resource Denial,MEC-609,Public Health Degradation,INT-09,Destroy,VIS-02,Covert,SEV-3,Moderate,تخریب محیط زیست و آلودگی خاک...,Environmental destruction/soil pollution to reduce food security.
TH-0298,Mental Health/Stress Pumping,DOM-01,Information & Cognitive,ACT-03,دشمن,MEC-105,Psychological Operations,MEC-109,Influence Campaign,,,INT-01,Destabilize,VIS-03,Mixed,SEV-4,High,افزایش شیوع بیماری‌های روانی و استرس مزمن...,Increasing mental illness/chronic stress via hopelessness pumping.
TH-0299,Food & Drug Authority Infiltration,DOM-06,Infrastructure & Technology,ACT-03,دشمن,MEC-503,Espionage,MEC-403,Institutional Capture,,,INT-09,Destroy,VIS-02,Covert,SEV-5,Severe,نفوذ در سازمان‌های نظارتی غذا و دارو...,Infiltrating food/drug regulatory bodies to enter harmful products.
TH-0300,Pharma Material Dependency,DOM-06,Infrastructure & Technology,ACT-03,دشمن,MEC-306,Trade Restriction,MEC-304,Resource Denial,,,INT-11,Exhaust,VIS-01,Overt,SEV-6,Critical,وابستگی شدید به واردات مواد اولیه دارویی,Severe dependency on pharmaceutical raw material imports.
TH-0301,Medical Brain Drain,DOM-04,Social,ACT-03,دشمن,MEC-109,Influence Campaign,MEC-305,Investment Influence,,,INT-11,Exhaust,VIS-01,Overt,SEV-1,Minimal,خروج پزشکان و کادر درمان متخصص از کشور...,Medical brain drain (exodus of doctors/staff).
TH-0302,Biological Manipulation of Food Imports,DOM-06,Infrastructure & Technology,ACT-03,دشمن,MEC-502,Sabotage,MEC-501,Kinetic Strike,MEC-306,Trade Restriction,INT-09,Destroy,VIS-02,Covert,SEV-2,Low,دست‌کاری ژنتیکی محصولات کشاورزی وارداتی...,Genetic manipulation of agricultural imports with covert biological goals.
TH-0303,Artificial Environmental Crisis,DOM-06,Infrastructure & Technology,ACT-03,دشمن,MEC-502,Sabotage,,,,,INT-09,Destroy,VIS-02,Covert,SEV-3,Moderate,ایجاد بحران‌های زیست‌محیطی مصنوعی...,Creating artificial environmental crises (e.g. weather manipulation).
TH-0304,Health Defense Neglect,DOM-06,Infrastructure & Technology,ACT-01,خودی,MEC-309,Policy Sabotage,MEC-609,Public Health Degradation,,,INT-11,Exhaust,VIS-01,Overt,SEV-4,High,بی‌توجهی به پدافند غیرعامل در بخش زیرساخت‌های سلامت...,Neglecting civil defense in health infrastructure.
